Date,Open,High,Low,Close,Adj Close,Volume
0,2017-05-12,21.25,21.299999237060547,20.270000457763672,21.100000381469727,21.100000381469727,10933700
1,2017-05-15,21.01000022888184,22.299999237060547,21.01000022888184,22.020000457763672,22.020000457763672,3487300
2,2017-05-16,22.190000534057617,22.40999984741211,22.049999237060547,22.100000381469727,22.100000381469727,1289300
3,2017-05-17,22.149999618530277,22.51000022888184,21.670000076293945,22.100000381469727,22.100000381469727,1583700
4,2017-05-18,22.190000534057617,23.6299991607666,21.979999542236328,22.5,22.5,4075200
5,2017-05-19,22.559999465942383,23.489999771118164,22.31999969482422,22.71999931335449,22.71999931335449,1248600
6,2017-05-22,22.799999237060547,23.09000015258789,22.520000457763672,22.88999938964844,22.88999938964844,383100
7,2017-05-23,22.989999771118164,23.61000061035156,22.649999618530277,23.450000762939453,23.450000762939453,704000
8,2017-05-24,23.540000915527344,23.593000411987305,23.01000022888184,23.350000381469727,23.350000381469727,408800
9,2017-05-25,23.420000076293945,23.81999969482422,22.309999465942383,22.51000022888184,22.51000022888184,1080700
10,2017-05-26,22.549999237060547,23.239999771118164,22.354999542236328,23.030000686645508,23.030000686645508,721100
11,2017-05-30,23.0,23.290000915527344,22.59000015258789,22.950000762939453,22.950000762939453,843100
12,2017-05-31,22.96999931335449,23.18000030517578,22.670000076293945,22.93000030517578,22.93000030517578,484400
13,2017-06-01,22.90999984741211,23.434999465942383,22.809999465942383,22.93000030517578,22.93000030517578,486400
14,2017-06-02,22.88999938964844,23.100000381469727,22.600000381469727,22.649999618530277,22.649999618530277,546600
15,2017-06-05,22.61000061035156,22.90999984741211,21.920000076293945,22.6299991607666,22.6299991607666,422200
16,2017-06-06,21.82999992370605,22.709999084472656,21.82999992370605,22.290000915527344,22.290000915527344,1089500
17,2017-06-07,22.399999618530277,22.790000915527344,21.56999969482422,21.76000022888184,21.76000022888184,733500
18,2017-06-08,21.75,21.93000030517578,21.61000061035156,21.649999618530277,21.649999618530277,432600
19,2017-06-09,21.68000030517578,22.81999969482422,21.68000030517578,22.489999771118164,22.489999771118164,565900
20,2017-06-12,22.459999084472656,23.57999992370605,21.88999938964844,23.030000686645508,23.030000686645508,826200
21,2017-06-13,22.989999771118164,24.239999771118164,22.799999237060547,23.489999771118164,23.489999771118164,927300
22,2017-06-14,23.56999969482422,23.709999084472656,22.549999237060547,23.25,23.25,1988500
23,2017-06-15,23.07999992370605,24.549999237060547,22.770000457763672,22.989999771118164,22.989999771118164,1510300
24,2017-06-16,23.0,24.0,23.0,23.920000076293945,23.920000076293945,2465600
25,2017-06-19,24.059999465942383,24.209999084472656,23.540000915527344,23.920000076293945,23.920000076293945,460200
26,2017-06-20,23.71999931335449,23.71999931335449,22.209999084472656,22.6200008392334,22.6200008392334,1043700
27,2017-06-21,22.540000915527344,22.7450008392334,20.6299991607666,20.71999931335449,20.71999931335449,1275400
28,2017-06-22,20.71999931335449,21.06999969482422,19.90999984741211,21.059999465942383,21.059999465942383,1321900
29,2017-06-23,21.030000686645508,21.104999542236328,20.239999771118164,20.46999931335449,20.46999931335449,3690400
30,2017-06-26,20.420000076293945,21.049999237060547,20.07999992370605,20.5,20.5,790800
31,2017-06-27,20.559999465942383,21.6299991607666,20.420000076293945,21.290000915527344,21.290000915527344,1029100
32,2017-06-28,21.280000686645508,21.63999938964844,21.13999938964844,21.270000457763672,21.270000457763672,737600
33,2017-06-29,21.32999992370605,21.540000915527344,21.040000915527344,21.43000030517578,21.43000030517578,796200
34,2017-06-30,21.540000915527344,21.739999771118164,21.239999771118164,21.61000061035156,21.61000061035156,250800
35,2017-07-03,21.75,22.399999618530277,21.38999938964844,22.34000015258789,22.34000015258789,396500
36,2017-07-05,22.3799991607666,22.40999984741211,21.76000022888184,21.81999969482422,21.81999969482422,765800
37,2017-07-06,21.61000061035156,21.61000061035156,20.895000457763672,20.96999931335449,20.96999931335449,1184400
38,2017-07-07,20.989999771118164,21.21999931335449,20.57999992370605,20.670000076293945,20.670000076293945,953900
39,2017-07-10,20.6299991607666,21.479999542236328,20.549999237060547,21.34000015258789,21.34000015258789,826900
40,2017-07-11,21.229999542236328,21.799999237060547,21.020000457763672,21.729999542236328,21.729999542236328,656100
41,2017-07-12,21.780000686645508,22.34000015258789,21.729999542236328,22.1299991607666,22.1299991607666,1091800
42,2017-07-13,22.11000061035156,22.26000022888184,21.86000061035156,22.059999465942383,22.059999465942383,1577700
43,2017-07-14,22.1299991607666,22.290000915527344,21.989999771118164,22.07999992370605,22.07999992370605,211300
44,2017-07-17,22.059999465942383,23.1200008392334,21.92300033569336,22.96999931335449,22.96999931335449,1357100
45,2017-07-18,22.82999992370605,23.209999084472656,22.809999465942383,23.040000915527344,23.040000915527344,962700
46,2017-07-19,23.030000686645508,23.420000076293945,23.0,23.420000076293945,23.420000076293945,742400
47,2017-07-20,23.40999984741211,23.6200008392334,23.0,23.549999237060547,23.549999237060547,454400
48,2017-07-21,23.440000534057617,23.690000534057617,22.81999969482422,23.01000022888184,23.01000022888184,1163200
49,2017-07-24,22.93000030517578,23.149999618530277,22.709999084472656,23.13999938964844,23.13999938964844,724400
50,2017-07-25,23.280000686645508,23.559999465942383,22.989999771118164,23.450000762939453,23.450000762939453,1832300
51,2017-07-26,23.600000381469727,23.600000381469727,22.63999938964844,22.81999969482422,22.81999969482422,781200
52,2017-07-27,22.809999465942383,23.25,22.7450008392334,23.229999542236328,23.229999542236328,314200
53,2017-07-28,23.07999992370605,23.21999931335449,22.8799991607666,23.09000015258789,23.09000015258789,260800
54,2017-07-31,23.229999542236328,23.229999542236328,22.90999984741211,22.959999084472656,22.959999084472656,536900
55,2017-08-01,23.0,23.0,22.38999938964844,22.5,22.5,998200
56,2017-08-02,22.5,23.1299991607666,22.5,23.020000457763672,23.020000457763672,1444100
57,2017-08-03,23.82999992370605,23.996999740600582,22.959999084472656,23.26000022888184,23.26000022888184,2650300
58,2017-08-04,23.459999084472656,24.07999992370605,23.290000915527344,24.06999969482422,24.06999969482422,809600
59,2017-08-07,24.09000015258789,24.34000015258789,23.739999771118164,24.040000915527344,24.040000915527344,1039100
60,2017-08-08,24.059999465942383,24.290000915527344,23.729999542236328,24.1299991607666,24.1299991607666,626700
61,2017-08-09,24.040000915527344,24.06399917602539,23.479999542236328,23.600000381469727,23.600000381469727,296800
62,2017-08-10,23.38999938964844,23.38999938964844,22.520000457763672,22.65999984741211,22.65999984741211,1247900
63,2017-08-11,22.280000686645508,22.90999984741211,22.280000686645508,22.68000030517578,22.68000030517578,605300
64,2017-08-14,22.88999938964844,23.190000534057617,22.15999984741211,22.59000015258789,22.59000015258789,970300
65,2017-08-15,22.690000534057617,22.799999237060547,22.549999237060547,22.690000534057617,22.690000534057617,1061900
66,2017-08-16,22.799999237060547,22.8700008392334,22.59000015258789,22.75,22.75,536300
67,2017-08-17,22.600000381469727,22.809999465942383,21.979999542236328,22.0,22.0,417900
68,2017-08-18,21.90999984741211,22.18000030517578,21.76000022888184,21.96999931335449,21.96999931335449,506400
69,2017-08-21,22.65999984741211,22.899999618530277,22.13500022888184,22.38999938964844,22.38999938964844,714000
70,2017-08-22,22.520000457763672,22.850000381469727,22.399999618530277,22.780000686645508,22.780000686645508,245100
71,2017-08-23,22.57999992370605,23.065000534057617,22.57999992370605,22.959999084472656,22.959999084472656,612400
72,2017-08-24,22.979999542236328,22.979999542236328,22.63500022888184,22.700000762939453,22.700000762939453,230300
73,2017-08-25,22.81999969482422,23.040000915527344,22.709999084472656,22.979999542236328,22.979999542236328,572300
74,2017-08-28,23.06999969482422,23.06999969482422,22.7450008392334,22.950000762939453,22.950000762939453,355200
75,2017-08-29,22.809999465942383,23.18000030517578,22.68000030517578,23.059999465942383,23.059999465942383,262200
76,2017-08-30,22.950000762939453,23.309999465942383,22.88999938964844,23.299999237060547,23.299999237060547,368500
77,2017-08-31,23.46999931335449,23.82999992370605,23.290000915527344,23.489999771118164,23.489999771118164,382200
78,2017-09-01,23.700000762939453,23.950000762939453,23.670000076293945,23.700000762939453,23.700000762939453,465500
79,2017-09-05,23.780000686645508,23.8700008392334,22.940000534057617,23.1200008392334,23.1200008392334,450300
80,2017-09-06,23.31999969482422,23.489999771118164,22.920000076293945,23.350000381469727,23.350000381469727,400600
81,2017-09-07,23.43000030517578,23.68000030517578,23.18000030517578,23.61000061035156,23.61000061035156,247300
82,2017-09-08,23.530000686645508,23.93000030517578,23.5,23.76000022888184,23.76000022888184,404100
83,2017-09-11,23.950000762939453,24.399999618530277,23.84000015258789,23.88999938964844,23.88999938964844,386700
84,2017-09-12,24.059999465942383,25.049999237060547,23.8700008392334,24.530000686645508,24.530000686645508,655500
85,2017-09-13,24.57999992370605,24.799999237060547,24.520000457763672,24.670000076293945,24.670000076293945,331100
86,2017-09-14,24.68000030517578,25.06999969482422,24.56999969482422,24.96999931335449,24.96999931335449,480400
87,2017-09-15,25.0,25.15999984741211,24.76000022888184,25.09000015258789,25.09000015258789,517200
88,2017-09-18,25.170000076293945,26.0,25.170000076293945,25.780000686645508,25.780000686645508,703900
89,2017-09-19,25.88999938964844,26.18000030517578,25.57999992370605,25.81999969482422,25.81999969482422,421300
90,2017-09-20,25.86000061035156,26.040000915527344,25.6299991607666,25.979999542236328,25.979999542236328,561000
91,2017-09-21,26.030000686645508,26.09000015258789,25.780000686645508,25.850000381469727,25.850000381469727,432800
92,2017-09-22,25.8799991607666,26.299999237060547,25.700000762939453,26.280000686645508,26.280000686645508,269600
93,2017-09-25,26.31999969482422,26.655000686645508,26.26000022888184,26.399999618530277,26.399999618530277,485600
94,2017-09-26,26.51000022888184,26.739999771118164,26.200000762939453,26.309999465942383,26.309999465942383,660800
95,2017-09-27,26.399999618530277,27.07999992370605,26.209999084472656,27.06999969482422,27.06999969482422,557800
96,2017-09-28,27.049999237060547,27.489999771118164,27.049999237060547,27.32999992370605,27.32999992370605,694400
97,2017-09-29,27.420000076293945,27.649999618530277,27.32999992370605,27.520000457763672,27.520000457763672,298400
98,2017-10-02,27.459999084472656,27.84000015258789,27.21999931335449,27.549999237060547,27.549999237060547,473700
99,2017-10-03,27.950000762939453,27.950000762939453,27.56999969482422,27.6299991607666,27.6299991607666,400200
100,2017-10-04,27.5,27.600000381469727,26.809999465942383,26.88999938964844,26.88999938964844,665700
101,2017-10-05,26.920000076293945,27.170000076293945,26.739999771118164,26.790000915527344,26.790000915527344,417900
102,2017-10-06,26.61000061035156,26.84000015258789,26.5,26.600000381469727,26.600000381469727,414100
103,2017-10-09,26.600000381469727,26.850000381469727,26.226999282836918,26.780000686645508,26.780000686645508,372900
104,2017-10-10,26.850000381469727,27.290000915527344,26.780000686645508,26.899999618530277,26.899999618530277,257500
105,2017-10-11,26.8799991607666,26.989999771118164,26.770000457763672,26.86000061035156,26.86000061035156,273900
106,2017-10-12,26.700000762939453,26.979999542236328,26.600000381469727,26.88999938964844,26.88999938964844,269600
107,2017-10-13,27.11000061035156,27.26000022888184,26.530000686645508,26.959999084472656,26.959999084472656,379600
108,2017-10-16,27.0,27.100000381469727,26.81999969482422,26.920000076293945,26.920000076293945,399200
109,2017-10-17,26.899999618530277,27.21999931335449,26.780000686645508,26.989999771118164,26.989999771118164,545300
110,2017-10-18,26.920000076293945,27.309999465942383,26.61000061035156,26.75,26.75,566400
111,2017-10-19,26.46999931335449,26.65999984741211,26.100000381469727,26.36000061035156,26.36000061035156,495500
112,2017-10-20,26.489999771118164,26.809999465942383,26.399999618530277,26.57999992370605,26.57999992370605,796300
113,2017-10-23,26.57999992370605,26.68000030517578,26.200000762939453,26.420000076293945,26.420000076293945,467500
114,2017-10-24,26.530000686645508,26.75,26.420000076293945,26.600000381469727,26.600000381469727,608200
115,2017-10-25,26.440000534057617,26.770000457763672,26.270000457763672,26.6200008392334,26.6200008392334,527600
116,2017-10-26,28.479999542236328,29.46999931335449,27.59000015258789,29.100000381469727,29.100000381469727,2409000
117,2017-10-27,30.059999465942383,30.65999984741211,29.149999618530277,30.420000076293945,30.420000076293945,1434000
118,2017-10-30,30.43000030517578,30.43000030517578,28.799999237060547,29.1200008392334,29.1200008392334,1344900
119,2017-10-31,29.1299991607666,29.51000022888184,28.799999237060547,28.850000381469727,28.850000381469727,647600
120,2017-11-01,29.15999984741211,29.200000762939453,28.8700008392334,28.940000534057617,28.940000534057617,837500
121,2017-11-02,28.88999938964844,29.489999771118164,28.82999992370605,29.309999465942383,29.309999465942383,738300
122,2017-11-03,29.36000061035156,29.36000061035156,28.18000030517578,28.57999992370605,28.57999992370605,924900
123,2017-11-06,28.549999237060547,28.549999237060547,27.93000030517578,27.959999084472656,27.959999084472656,659100
124,2017-11-07,28.049999237060547,28.209999084472656,27.799999237060547,28.0,28.0,568300
125,2017-11-08,28.0,28.57999992370605,27.850000381469727,28.06999969482422,28.06999969482422,838500
126,2017-11-09,27.8799991607666,28.209999084472656,27.399999618530277,28.13999938964844,28.13999938964844,1080000
127,2017-11-10,28.209999084472656,28.84000015258789,28.18000030517578,28.76000022888184,28.76000022888184,792600
128,2017-11-13,28.56999969482422,29.51000022888184,28.100000381469727,29.40999984741211,29.40999984741211,883300
129,2017-11-14,28.559999465942383,28.8799991607666,28.170000076293945,28.65999984741211,28.65999984741211,1090100
130,2017-11-15,28.290000915527344,28.690000534057617,27.530000686645508,27.540000915527344,27.540000915527344,870400
131,2017-11-16,27.8799991607666,29.11000061035156,27.61000061035156,28.88999938964844,28.88999938964844,7596800
132,2017-11-17,29.0,30.229999542236328,28.71999931335449,30.049999237060547,30.049999237060547,2588000
133,2017-11-20,30.209999084472656,30.940000534057617,29.809999465942383,30.56999969482422,30.56999969482422,2904300
134,2017-11-21,30.809999465942383,31.089000701904297,30.21999931335449,30.729999542236328,30.729999542236328,1687000
135,2017-11-22,31.049999237060547,31.8799991607666,30.80500030517578,30.979999542236328,30.979999542236328,1223000
136,2017-11-24,31.1299991607666,31.51499938964844,30.989999771118164,31.13999938964844,31.13999938964844,391800
137,2017-11-27,31.32999992370605,31.57999992370605,31.21999931335449,31.459999084472656,31.459999084472656,1307800
138,2017-11-28,31.59000015258789,31.700000762939453,31.1200008392334,31.229999542236328,31.229999542236328,965700
139,2017-11-29,31.11000061035156,31.57999992370605,31.030000686645508,31.149999618530277,31.149999618530277,892800
140,2017-11-30,31.440000534057617,32.5099983215332,31.38999938964844,32.40999984741211,32.40999984741211,2112800
141,2017-12-01,32.54999923706055,32.75,31.56999969482422,32.08000183105469,32.08000183105469,2144300
142,2017-12-04,32.439998626708984,32.75,31.270000457763672,31.450000762939453,31.450000762939453,785800
143,2017-12-05,31.57999992370605,31.75,31.100000381469727,31.15999984741211,31.15999984741211,630900
144,2017-12-06,31.020000457763672,31.549999237060547,31.000999450683597,31.46999931335449,31.46999931335449,463600
145,2017-12-07,31.65999984741211,32.22999954223633,31.63999938964844,32.18000030517578,32.18000030517578,845800
146,2017-12-08,32.400001525878906,32.5,31.8700008392334,32.33000183105469,32.33000183105469,637600
147,2017-12-11,32.349998474121094,32.5,31.959999084472656,32.029998779296875,32.029998779296875,331100
148,2017-12-12,32.04999923706055,32.215999603271484,31.65999984741211,31.68000030517578,31.68000030517578,435100
149,2017-12-13,31.729999542236328,31.940000534057617,31.61000061035156,31.82999992370605,31.82999992370605,1003100
150,2017-12-14,31.82999992370605,31.989999771118164,31.65999984741211,31.690000534057617,31.690000534057617,467500
151,2017-12-15,31.959999084472656,32.900001525878906,31.899999618530277,32.61000061035156,32.61000061035156,1606700
152,2017-12-18,32.79999923706055,33.56999969482422,32.79999923706055,33.380001068115234,33.380001068115234,947600
153,2017-12-19,33.369998931884766,33.619998931884766,33.15999984741211,33.290000915527344,33.290000915527344,977500
154,2017-12-20,33.400001525878906,34.150001525878906,33.040000915527344,34.0099983215332,34.0099983215332,645000
155,2017-12-21,34.11000061035156,34.560001373291016,33.862998962402344,34.43000030517578,34.43000030517578,333700
156,2017-12-22,34.43000030517578,34.625,34.02000045776367,34.20000076293945,34.20000076293945,323400
157,2017-12-26,34.439998626708984,34.439998626708984,33.810001373291016,34.029998779296875,34.029998779296875,148700
158,2017-12-27,34.08000183105469,34.31999969482422,33.97999954223633,34.11000061035156,34.11000061035156,311200
159,2017-12-28,34.2599983215332,34.2599983215332,33.630001068115234,33.970001220703125,33.970001220703125,282500
160,2017-12-29,34.11000061035156,34.439998626708984,33.91999816894531,33.93000030517578,33.93000030517578,442300
161,2018-01-02,34.189998626708984,34.27000045776367,33.40999984741211,33.709999084472656,33.709999084472656,814700
162,2018-01-03,33.709999084472656,34.06999969482422,33.52000045776367,33.90999984741211,33.90999984741211,806600
163,2018-01-04,34.06999969482422,34.61000061035156,34.0,34.06999969482422,34.06999969482422,488400
164,2018-01-05,33.75,34.790000915527344,33.75,34.54999923706055,34.54999923706055,416900
165,2018-01-08,34.63999938964844,35.15999984741211,34.5099983215332,34.90999984741211,34.90999984741211,573600
166,2018-01-09,35.09000015258789,35.40999984741211,34.959999084472656,35.09000015258789,35.09000015258789,418800
167,2018-01-10,34.959999084472656,35.29999923706055,34.290000915527344,34.45000076293945,34.45000076293945,424900
168,2018-01-11,34.70000076293945,34.93000030517578,34.564998626708984,34.88999938964844,34.88999938964844,248100
169,2018-01-12,35.0,35.040000915527344,34.54999923706055,34.560001373291016,34.560001373291016,542100
170,2018-01-16,34.79999923706055,36.08000183105469,34.79999923706055,35.099998474121094,35.099998474121094,974600
171,2018-01-17,35.36000061035156,35.65999984741211,34.86000061035156,34.959999084472656,34.959999084472656,868400
172,2018-01-18,34.95000076293945,35.290000915527344,34.599998474121094,35.20000076293945,35.20000076293945,443100
173,2018-01-19,35.0099983215332,35.95000076293945,35.0099983215332,35.91999816894531,35.91999816894531,518500
174,2018-01-22,35.900001525878906,36.2400016784668,35.630001068115234,36.18999862670898,36.18999862670898,660400
175,2018-01-23,37.59000015258789,38.0,36.369998931884766,36.68999862670898,36.68999862670898,927900
176,2018-01-24,36.83000183105469,36.999000549316406,36.18000030517578,36.27000045776367,36.27000045776367,435900
177,2018-01-25,36.40999984741211,36.4900016784668,35.52000045776367,35.939998626708984,35.939998626708984,660400
178,2018-01-26,36.20000076293945,36.34999847412109,35.75,36.27999877929688,36.27999877929688,229500
179,2018-01-29,36.119998931884766,36.41999816894531,35.81999969482422,36.2400016784668,36.2400016784668,414500
180,2018-01-30,36.150001525878906,36.150001525878906,34.45000076293945,35.470001220703125,35.470001220703125,795800
181,2018-01-31,35.75,35.790000915527344,34.505001068115234,34.58000183105469,34.58000183105469,756200
182,2018-02-01,35.099998474121094,35.27000045776367,33.970001220703125,35.040000915527344,35.040000915527344,680900
183,2018-02-02,34.619998931884766,34.63100051879883,34.029998779296875,34.16999816894531,34.16999816894531,637000
184,2018-02-05,33.83000183105469,34.880001068115234,32.56999969482422,33.5099983215332,33.5099983215332,827500
185,2018-02-06,32.88999938964844,33.81999969482422,32.619998931884766,33.38999938964844,33.38999938964844,633800
186,2018-02-07,33.27000045776367,33.869998931884766,32.77000045776367,32.810001373291016,32.810001373291016,790800
187,2018-02-08,32.7400016784668,33.06999969482422,31.549999237060547,31.56999969482422,31.56999969482422,873000
188,2018-02-09,31.96999931335449,32.18000030517578,30.46999931335449,31.75,31.75,1100500
189,2018-02-12,31.88999938964844,33.040000915527344,31.81999969482422,32.70000076293945,32.70000076293945,658100
190,2018-02-13,32.369998931884766,33.33000183105469,31.899999618530277,33.08000183105469,33.08000183105469,875300
191,2018-02-14,32.7599983215332,33.630001068115234,32.30099868774414,33.5099983215332,33.5099983215332,727700
192,2018-02-15,33.7400016784668,34.599998474121094,33.18000030517578,34.529998779296875,34.529998779296875,1298200
193,2018-02-16,34.5099983215332,34.5099983215332,31.96999931335449,32.849998474121094,32.849998474121094,2623800
194,2018-02-20,32.58000183105469,33.45000076293945,31.729999542236328,31.729999542236328,31.729999542236328,1042900
195,2018-02-21,31.75,32.349998474121094,30.979999542236328,31.780000686645508,31.780000686645508,1865800
196,2018-02-22,31.76000022888184,32.5099983215332,31.76000022888184,32.060001373291016,32.060001373291016,588500
197,2018-02-23,32.099998474121094,32.91999816894531,31.940000534057617,32.880001068115234,32.880001068115234,500700
198,2018-02-26,32.95000076293945,33.2400016784668,32.529998779296875,33.0,33.0,478600
199,2018-02-27,33.06999969482422,33.290000915527344,32.63999938964844,32.68000030517578,32.68000030517578,461600
200,2018-02-28,32.900001525878906,33.20500183105469,32.0099983215332,32.0099983215332,32.0099983215332,644900
201,2018-03-01,32.029998779296875,32.09000015258789,30.75,30.88999938964844,30.88999938964844,936600
202,2018-03-02,30.670000076293945,31.940000534057617,30.3700008392334,31.799999237060547,31.799999237060547,675200
203,2018-03-05,31.6200008392334,32.130001068115234,31.100000381469727,32.040000915527344,32.040000915527344,592500
204,2018-03-06,32.099998474121094,32.369998931884766,31.770000457763672,31.809999465942383,31.809999465942383,877300
205,2018-03-07,31.38999938964844,32.04499816894531,31.38999938964844,31.81999969482422,31.81999969482422,638800
206,2018-03-08,31.799999237060547,32.650001525878906,31.799999237060547,32.369998931884766,32.369998931884766,533300
207,2018-03-09,32.58000183105469,33.22999954223633,32.5099983215332,33.0,33.0,814800
208,2018-03-12,32.95000076293945,33.33000183105469,32.5,32.63999938964844,32.63999938964844,485300
209,2018-03-13,32.70000076293945,32.849998474121094,32.400001525878906,32.529998779296875,32.529998779296875,381100
210,2018-03-14,32.7599983215332,33.02000045776367,32.59000015258789,32.959999084472656,32.959999084472656,428900
211,2018-03-15,32.959999084472656,33.119998931884766,32.58000183105469,32.65999984741211,32.65999984741211,579400
212,2018-03-16,32.619998931884766,33.349998474121094,32.540000915527344,32.959999084472656,32.959999084472656,997400
213,2018-03-19,32.79999923706055,32.79999923706055,32.13999938964844,32.709999084472656,32.709999084472656,309100
214,2018-03-20,31.71999931335449,32.95000076293945,31.71999931335449,32.54999923706055,32.54999923706055,611000
215,2018-03-21,32.599998474121094,33.255001068115234,32.31999969482422,33.130001068115234,33.130001068115234,502800
216,2018-03-22,32.75,32.88999938964844,31.1299991607666,31.209999084472656,31.209999084472656,908000
217,2018-03-23,31.32999992370605,31.75,30.309999465942383,30.31999969482422,30.31999969482422,1004900
218,2018-03-26,30.76000022888184,30.76499938964844,29.979999542236328,30.729999542236328,30.729999542236328,674800
219,2018-03-27,30.739999771118164,31.270000457763672,30.1299991607666,30.399999618530277,30.399999618530277,489200
220,2018-03-28,30.649999618530277,31.2450008392334,29.93000030517578,30.049999237060547,30.049999237060547,739600
221,2018-03-29,30.11000061035156,31.01000022888184,29.959999084472656,30.68000030517578,30.68000030517578,665400
222,2018-04-02,30.3799991607666,30.424999237060547,28.96999931335449,29.1299991607666,29.1299991607666,923000
223,2018-04-03,29.40999984741211,29.729999542236328,29.1200008392334,29.729999542236328,29.729999542236328,583600
224,2018-04-04,29.13999938964844,29.8799991607666,29.13999938964844,29.790000915527344,29.790000915527344,291900
225,2018-04-05,29.88999938964844,31.31999969482422,29.739999771118164,30.809999465942383,30.809999465942383,1149700
226,2018-04-06,30.420000076293945,30.493000030517575,29.36000061035156,29.82999992370605,29.82999992370605,847400
227,2018-04-09,30.21999931335449,30.40999984741211,29.36000061035156,29.36000061035156,29.36000061035156,459500
228,2018-04-10,29.82999992370605,30.959999084472656,29.549999237060547,30.88999938964844,30.88999938964844,738300
229,2018-04-11,30.51000022888184,31.299999237060547,30.26000022888184,31.0,31.0,733900
230,2018-04-12,31.100000381469727,31.69499969482422,30.920000076293945,31.549999237060547,31.549999237060547,644300
231,2018-04-13,31.670000076293945,31.93000030517578,31.32999992370605,31.6200008392334,31.6200008392334,469900
232,2018-04-16,32.0099983215332,32.310001373291016,31.55500030517578,32.040000915527344,32.040000915527344,685200
233,2018-04-17,32.15999984741211,32.439998626708984,32.11000061035156,32.290000915527344,32.290000915527344,408800
234,2018-04-18,32.45000076293945,32.970001220703125,32.15999984741211,32.66999816894531,32.66999816894531,557600
235,2018-04-19,32.5099983215332,32.84000015258789,32.20800018310547,32.529998779296875,32.529998779296875,409700
236,2018-04-20,32.59000015258789,32.7599983215332,31.90999984741211,32.16999816894531,32.16999816894531,477100
237,2018-04-23,31.56999969482422,32.279998779296875,31.520000457763672,31.780000686645508,31.780000686645508,492100
238,2018-04-24,32.09000015258789,32.39099884033203,30.950000762939453,31.229999542236328,31.229999542236328,1029300
239,2018-04-25,31.270000457763672,31.75,30.905000686645508,31.68000030517578,31.68000030517578,616500
240,2018-04-26,31.739999771118164,31.78499984741211,30.799999237060547,30.86000061035156,30.86000061035156,1026000
241,2018-04-27,32.70000076293945,33.15999984741211,31.63999938964844,31.84000015258789,31.84000015258789,3195500
242,2018-04-30,31.84000015258789,32.275001525878906,31.38500022888184,31.6299991607666,31.6299991607666,1283800
243,2018-05-01,30.3799991607666,31.475000381469727,30.1299991607666,31.15999984741211,31.15999984741211,1656600
244,2018-05-02,31.149999618530277,31.899999618530277,30.940000534057617,31.399999618530277,31.399999618530277,1200700
245,2018-05-03,31.350000381469727,32.29999923706055,31.0,31.68000030517578,31.68000030517578,12585800
246,2018-05-04,31.600000381469727,32.439998626708984,31.5,32.06999969482422,32.06999969482422,2271200
247,2018-05-07,32.22999954223633,32.970001220703125,31.959999084472656,32.04999923706055,32.04999923706055,3971800
248,2018-05-08,32.04999923706055,32.41999816894531,31.440000534057617,31.51000022888184,31.51000022888184,2357100
249,2018-05-09,31.81999969482422,32.310001373291016,31.5,32.04999923706055,32.04999923706055,2248000
250,2018-05-10,32.209999084472656,33.650001525878906,32.09000015258789,33.470001220703125,33.470001220703125,2354900
251,2018-05-11,33.470001220703125,33.7599983215332,33.060001373291016,33.439998626708984,33.439998626708984,1448400
252,2018-05-14,33.650001525878906,33.72999954223633,33.40999984741211,33.459999084472656,33.459999084472656,1517900
253,2018-05-15,33.2599983215332,33.849998474121094,33.13999938964844,33.630001068115234,33.630001068115234,1185200
254,2018-05-16,33.66999816894531,33.9900016784668,33.4900016784668,33.75,33.75,1358100
255,2018-05-17,33.689998626708984,34.75,33.5260009765625,34.29999923706055,34.29999923706055,1633500
256,2018-05-18,34.11000061035156,34.80500030517578,33.689998626708984,34.459999084472656,34.459999084472656,1356500
257,2018-05-21,34.689998626708984,35.27000045776367,34.38999938964844,34.41999816894531,34.41999816894531,759800
258,2018-05-22,34.40999984741211,35.279998779296875,34.12099838256836,34.40999984741211,34.40999984741211,1534900
259,2018-05-23,34.189998626708984,34.81999969482422,33.83000183105469,34.27000045776367,34.27000045776367,941000
260,2018-05-24,33.97999954223633,34.22999954223633,33.70000076293945,33.86000061035156,33.86000061035156,665400
261,2018-05-25,33.650001525878906,33.650001525878906,32.5099983215332,32.880001068115234,32.880001068115234,993000
262,2018-05-29,32.41999816894531,32.779998779296875,32.13999938964844,32.61000061035156,32.61000061035156,897400
263,2018-05-30,32.849998474121094,33.709999084472656,32.83000183105469,33.38999938964844,33.38999938964844,820900
264,2018-05-31,33.290000915527344,33.38999938964844,32.529998779296875,32.869998931884766,32.869998931884766,1066400
265,2018-06-01,33.0,33.415000915527344,32.290000915527344,32.34000015258789,32.34000015258789,672500
266,2018-06-04,32.4900016784668,32.630001068115234,32.209999084472656,32.5,32.5,975600
267,2018-06-05,32.4900016784668,32.619998931884766,31.479999542236328,32.380001068115234,32.380001068115234,1661000
268,2018-06-06,32.529998779296875,32.869998931884766,31.959999084472656,32.81999969482422,32.81999969482422,1053400
269,2018-06-07,32.97999954223633,33.47999954223633,32.810001373291016,33.11000061035156,33.11000061035156,858800
270,2018-06-08,33.0,33.060001373291016,31.76000022888184,31.84000015258789,31.84000015258789,1388100
271,2018-06-11,31.229999542236328,31.63999938964844,29.65399932861328,29.82999992370605,29.82999992370605,3923100
272,2018-06-12,29.8799991607666,30.43000030517578,29.11000061035156,29.450000762939453,29.450000762939453,2215200
273,2018-06-13,29.559999465942383,30.100000381469727,29.239999771118164,29.38999938964844,29.38999938964844,1699800
274,2018-06-14,29.799999237060547,30.290000915527344,29.540000915527344,30.059999465942383,30.059999465942383,1934900
275,2018-06-15,30.11000061035156,30.479999542236328,29.43000030517578,29.68000030517578,29.68000030517578,1388000
276,2018-06-18,29.3700008392334,30.06999969482422,29.299999237060547,29.979999542236328,29.979999542236328,1309500
277,2018-06-19,29.61000061035156,29.65999984741211,29.31999969482422,29.46999931335449,29.46999931335449,1129500
278,2018-06-20,29.65999984741211,29.757999420166016,28.20499992370605,28.239999771118164,28.239999771118164,2044200
279,2018-06-21,28.030000686645508,28.34000015258789,27.46999931335449,27.920000076293945,27.920000076293945,1984500
280,2018-06-22,28.600000381469727,29.299999237060547,28.364999771118164,28.82999992370605,28.82999992370605,3038700
281,2018-06-25,27.809999465942383,28.73500061035156,27.75,28.299999237060547,28.299999237060547,2100900
282,2018-06-26,28.31999969482422,29.229999542236328,28.31999969482422,29.030000686645508,29.030000686645508,1953200
283,2018-06-27,29.209999084472656,29.809999465942383,28.979999542236328,29.26000022888184,29.26000022888184,1885700
284,2018-06-28,28.93000030517578,29.549999237060547,28.559999465942383,29.3700008392334,29.3700008392334,1634200
285,2018-06-29,29.399999618530277,30.229999542236328,29.32999992370605,29.38999938964844,29.38999938964844,2230500
286,2018-07-02,28.96999931335449,29.15999984741211,28.399999618530277,28.559999465942383,28.559999465942383,1625000
287,2018-07-03,28.76000022888184,28.90999984741211,28.51000022888184,28.729999542236328,28.729999542236328,592800
288,2018-07-05,28.950000762939453,29.065000534057617,28.540000915527344,28.790000915527344,28.790000915527344,1614100
289,2018-07-06,28.71999931335449,28.71999931335449,28.239999771118164,28.36000061035156,28.36000061035156,1053800
290,2018-07-09,28.3700008392334,29.559999465942383,28.36000061035156,29.520000457763672,29.520000457763672,2222200
291,2018-07-10,29.420000076293945,29.68000030517578,29.01000022888184,29.270000457763672,29.270000457763672,1211200
292,2018-07-11,28.899999618530277,29.0,28.6200008392334,28.82999992370605,28.82999992370605,1313900
293,2018-07-12,28.979999542236328,28.979999542236328,27.461000442504883,27.989999771118164,27.989999771118164,2447700
294,2018-07-13,28.049999237060547,28.75,28.01000022888184,28.18000030517578,28.18000030517578,1189500
295,2018-07-16,27.920000076293945,28.51000022888184,27.90999984741211,28.11000061035156,28.11000061035156,1221800
296,2018-07-17,28.09000015258789,28.43000030517578,27.850000381469727,28.07999992370605,28.07999992370605,1281800
297,2018-07-18,28.09000015258789,28.18000030517578,27.670000076293945,27.799999237060547,27.799999237060547,897000
298,2018-07-19,27.57999992370605,28.190000534057617,27.46999931335449,28.190000534057617,28.190000534057617,507700
299,2018-07-20,28.040000915527344,28.200000762939453,27.81999969482422,27.82999992370605,27.82999992370605,647700
300,2018-07-23,27.81999969482422,27.82999992370605,27.149999618530277,27.15999984741211,27.15999984741211,706900
301,2018-07-24,27.290000915527344,27.32999992370605,26.63999938964844,26.690000534057617,26.690000534057617,1087500
302,2018-07-25,26.61000061035156,26.790000915527344,26.26000022888184,26.479999542236328,26.479999542236328,1570100
303,2018-07-26,26.520000457763672,27.149999618530277,26.46999931335449,26.6299991607666,26.6299991607666,2625600
304,2018-07-27,26.920000076293945,27.15999984741211,26.36000061035156,27.100000381469727,27.100000381469727,1992800
305,2018-07-30,27.290000915527344,28.049999237060547,27.290000915527344,27.31999969482422,27.31999969482422,2493500
306,2018-07-31,27.479999542236328,28.71999931335449,27.479999542236328,28.61000061035156,28.61000061035156,2492400
307,2018-08-01,28.61000061035156,28.7450008392334,27.3700008392334,27.670000076293945,27.670000076293945,2417400
308,2018-08-02,27.65999984741211,28.63999938964844,27.11000061035156,27.729999542236328,27.729999542236328,2705600
309,2018-08-03,28.0,28.709999084472656,27.86000061035156,28.46999931335449,28.46999931335449,1655700
310,2018-08-06,28.5,29.32999992370605,28.190000534057617,29.15999984741211,29.15999984741211,1427400
311,2018-08-07,29.459999084472656,29.84000015258789,29.190000534057617,29.489999771118164,29.489999771118164,881600
312,2018-08-08,29.46999931335449,29.600000381469727,29.100000381469727,29.280000686645508,29.280000686645508,870100
313,2018-08-09,29.209999084472656,29.65999984741211,28.709999084472656,28.770000457763672,28.770000457763672,1436700
314,2018-08-10,28.700000762939453,29.100000381469727,28.61000061035156,28.86000061035156,28.86000061035156,1093100
315,2018-08-13,28.799999237060547,28.950000762939453,28.3439998626709,28.489999771118164,28.489999771118164,583900
316,2018-08-14,28.59000015258789,28.75,28.13999938964844,28.18000030517578,28.18000030517578,657300
317,2018-08-15,28.0,28.0,26.920000076293945,27.030000686645508,27.030000686645508,785800
318,2018-08-16,26.920000076293945,27.604999542236328,26.920000076293945,27.3700008392334,27.3700008392334,881800
319,2018-08-17,27.440000534057617,27.989999771118164,27.18000030517578,27.940000534057617,27.940000534057617,1229500
320,2018-08-20,28.149999618530277,28.59000015258789,28.0049991607666,28.309999465942383,28.309999465942383,849600
321,2018-08-21,28.32999992370605,28.59000015258789,28.020000457763672,28.21999931335449,28.21999931335449,483600
322,2018-08-22,28.170000076293945,28.270000457763672,27.780000686645508,27.950000762939453,27.950000762939453,965000
323,2018-08-23,27.93000030517578,27.959999084472656,27.290000915527344,27.34000015258789,27.34000015258789,739900
324,2018-08-24,27.3799991607666,27.670000076293945,27.25,27.51000022888184,27.51000022888184,1129000
325,2018-08-27,27.6200008392334,28.3799991607666,27.479999542236328,28.25,28.25,1200300
326,2018-08-28,28.25,28.57999992370605,28.09000015258789,28.270000457763672,28.270000457763672,822400
327,2018-08-29,28.40999984741211,28.86000061035156,28.299999237060547,28.76000022888184,28.76000022888184,777600
328,2018-08-30,28.700000762939453,28.86000061035156,27.940000534057617,28.07999992370605,28.07999992370605,631500
329,2018-08-31,27.979999542236328,28.18000030517578,27.809999465942383,27.959999084472656,27.959999084472656,453100
330,2018-09-04,27.959999084472656,27.959999084472656,27.280000686645508,27.350000381469727,27.350000381469727,609400
331,2018-09-05,27.21999931335449,27.38999938964844,26.81999969482422,26.989999771118164,26.989999771118164,1445300
332,2018-09-06,26.76000022888184,26.76000022888184,24.75,24.93000030517578,24.93000030517578,4134900
333,2018-09-07,24.59000015258789,25.299999237060547,24.350000381469727,24.979999542236328,24.979999542236328,2984600
334,2018-09-10,25.100000381469727,25.86000061035156,25.100000381469727,25.63999938964844,25.63999938964844,1543900
335,2018-09-11,25.559999465942383,26.32999992370605,25.270000457763672,26.18000030517578,26.18000030517578,1637200
336,2018-09-12,26.36000061035156,26.6200008392334,26.1200008392334,26.59000015258789,26.59000015258789,1961600
337,2018-09-13,26.739999771118164,28.28499984741211,26.739999771118164,27.84000015258789,27.84000015258789,3199200
338,2018-09-14,27.799999237060547,28.88999938964844,27.709999084472656,28.6200008392334,28.6200008392334,2025900
339,2018-09-17,28.729999542236328,29.61000061035156,28.61000061035156,28.71999931335449,28.71999931335449,1449900
340,2018-09-18,28.729999542236328,29.280000686645508,28.709999084472656,29.270000457763672,29.270000457763672,979600
341,2018-09-19,29.21999931335449,29.6299991607666,28.979999542236328,29.100000381469727,29.100000381469727,785700
342,2018-09-20,29.299999237060547,29.540000915527344,29.065000534057617,29.3799991607666,29.3799991607666,1086600
343,2018-09-21,29.479999542236328,29.565000534057617,29.149999618530277,29.3799991607666,29.3799991607666,3654800
344,2018-09-24,29.459999084472656,29.684999465942383,28.8799991607666,29.540000915527344,29.540000915527344,1476200
345,2018-09-25,29.68000030517578,29.690000534057617,29.040000915527344,29.1200008392334,29.1200008392334,1162500
346,2018-09-26,28.8799991607666,29.170000076293945,28.440000534057617,28.46999931335449,28.46999931335449,1365900
347,2018-09-27,29.059999465942383,29.059999465942383,27.739999771118164,28.040000915527344,28.040000915527344,1694000
348,2018-09-28,27.920000076293945,28.3700008392334,27.84000015258789,28.34000015258789,28.34000015258789,1010600
349,2018-10-01,28.489999771118164,28.61000061035156,27.959999084472656,28.01000022888184,28.01000022888184,1846300
350,2018-10-02,28.030000686645508,28.209999084472656,27.790000915527344,28.07999992370605,28.07999992370605,2083900
351,2018-10-03,28.25,28.28700065612793,27.920000076293945,28.0,28.0,2164400
352,2018-10-04,28.0,28.15999984741211,27.56999969482422,27.770000457763672,27.770000457763672,720100
353,2018-10-05,27.690000534057617,28.020000457763672,27.020000457763672,27.450000762939453,27.450000762939453,677600
354,2018-10-08,27.25,27.420000076293945,26.780000686645508,27.059999465942383,27.059999465942383,776700
355,2018-10-09,26.90999984741211,27.43000030517578,26.88999938964844,27.26000022888184,27.26000022888184,1381700
356,2018-10-10,27.32999992370605,27.32999992370605,26.13999938964844,26.190000534057617,26.190000534057617,1231200
357,2018-10-11,25.489999771118164,26.65999984741211,25.489999771118164,25.600000381469727,25.600000381469727,1182100
358,2018-10-12,26.670000076293945,26.670000076293945,25.350000381469727,25.76000022888184,25.76000022888184,1084400
359,2018-10-15,25.690000534057617,26.34000015258789,25.200000762939453,26.049999237060547,26.049999237060547,1411700
360,2018-10-16,26.26000022888184,27.190000534057617,26.1299991607666,27.149999618530277,27.149999618530277,801600
361,2018-10-17,26.96999931335449,27.030000686645508,26.309999465942383,26.88999938964844,26.88999938964844,811100
362,2018-10-18,26.26000022888184,26.790000915527344,25.834999084472656,26.030000686645508,26.030000686645508,929000
363,2018-10-19,26.049999237060547,26.149999618530277,25.36000061035156,25.5,25.5,1219800
364,2018-10-22,25.520000457763672,25.6299991607666,25.040000915527344,25.18000030517578,25.18000030517578,1517300
365,2018-10-23,24.600000381469727,25.21999931335449,24.184999465942383,24.920000076293945,24.920000076293945,1455600
366,2018-10-24,25.01000022888184,25.149999618530277,23.32999992370605,23.3700008392334,23.3700008392334,2160700
367,2018-10-25,23.649999618530277,24.8799991607666,23.489999771118164,24.559999465942383,24.559999465942383,2835900
368,2018-10-26,25.46999931335449,26.790000915527344,24.799999237060547,26.11000061035156,26.11000061035156,3224300
369,2018-10-29,26.57999992370605,26.950000762939453,25.209999084472656,25.57999992370605,25.57999992370605,1412500
370,2018-10-30,25.51000022888184,26.670000076293945,25.51000022888184,26.59000015258789,26.59000015258789,1086600
371,2018-10-31,27.25,27.600000381469727,26.940000534057617,27.059999465942383,27.059999465942383,1257900
372,2018-11-01,26.40999984741211,26.415000915527344,25.75,25.799999237060547,25.799999237060547,10006200
373,2018-11-02,25.989999771118164,26.36000061035156,25.799999237060547,25.850000381469727,25.850000381469727,2608500
374,2018-11-05,26.0,26.71999931335449,25.799999237060547,26.520000457763672,26.520000457763672,4353000
375,2018-11-06,26.489999771118164,27.5049991607666,26.209999084472656,27.38999938964844,27.38999938964844,1999400
376,2018-11-07,27.600000381469727,28.559999465942383,27.40999984741211,27.940000534057617,27.940000534057617,2013500
377,2018-11-08,27.65999984741211,28.25,27.0,27.11000061035156,27.11000061035156,3269700
378,2018-11-09,28.020000457763672,28.020000457763672,26.32999992370605,26.549999237060547,26.549999237060547,3314900
379,2018-11-12,26.61000061035156,26.809999465942383,26.18000030517578,26.309999465942383,26.309999465942383,1157400
380,2018-11-13,26.270000457763672,26.489999771118164,25.4950008392334,25.530000686645508,25.530000686645508,1295800
381,2018-11-14,25.71999931335449,25.790000915527344,25.0,25.21999931335449,25.21999931335449,1320600
382,2018-11-15,25.0,25.989999771118164,24.5,25.96999931335449,25.96999931335449,1383100
383,2018-11-16,25.959999084472656,26.020000457763672,25.43000030517578,25.489999771118164,25.489999771118164,933000
384,2018-11-19,25.270000457763672,25.295000076293945,24.424999237060547,24.440000534057617,24.440000534057617,1895700
385,2018-11-20,24.0,24.65999984741211,23.56999969482422,24.25,24.25,1062000
386,2018-11-21,24.600000381469727,25.170000076293945,24.53300094604492,24.75,24.75,953800
387,2018-11-23,24.299999237060547,24.459999084472656,24.09000015258789,24.18000030517578,24.18000030517578,253700
388,2018-11-26,24.479999542236328,25.280000686645508,24.450000762939453,24.959999084472656,24.959999084472656,1373100
389,2018-11-27,24.76000022888184,25.040000915527344,24.43000030517578,24.440000534057617,24.440000534057617,1250800
390,2018-11-28,24.46999931335449,25.51000022888184,24.46500015258789,25.34000015258789,25.34000015258789,1316000
391,2018-11-29,25.309999465942383,25.51000022888184,24.46999931335449,25.34000015258789,25.34000015258789,2197700
392,2018-11-30,25.200000762939453,25.61000061035156,24.68000030517578,24.75,24.75,1081900
393,2018-12-03,25.40999984741211,26.03499984741211,25.229999542236328,25.3700008392334,25.3700008392334,1090100
394,2018-12-04,25.26000022888184,25.3700008392334,23.15999984741211,23.280000686645508,23.280000686645508,1732900
395,2018-12-06,22.020000457763672,22.899999618530277,21.420000076293945,22.899999618530277,22.899999618530277,3272100
396,2018-12-07,23.040000915527344,23.700000762939453,22.200000762939453,22.299999237060547,22.299999237060547,1572900
397,2018-12-10,22.07999992370605,22.270000457763672,21.68000030517578,22.07999992370605,22.07999992370605,2086100
398,2018-12-11,22.5,22.61000061035156,21.520000457763672,21.57999992370605,21.57999992370605,1080300
399,2018-12-12,22.020000457763672,22.399999618530277,21.65999984741211,21.84000015258789,21.84000015258789,2509700
400,2018-12-13,21.93000030517578,22.25,21.030000686645508,21.350000381469727,21.350000381469727,1715200
401,2018-12-14,21.030000686645508,21.450000762939453,20.920000076293945,21.21999931335449,21.21999931335449,1356100
402,2018-12-17,20.96999931335449,21.170000076293945,20.26000022888184,20.5,20.5,1188700
403,2018-12-18,20.799999237060547,21.2450008392334,20.56999969482422,20.600000381469727,20.600000381469727,1623000
404,2018-12-19,20.0,20.739999771118164,19.520000457763672,19.729999542236328,19.729999542236328,1658500
405,2018-12-20,19.6200008392334,19.799999237060547,18.8799991607666,19.200000762939453,19.200000762939453,1294800
406,2018-12-21,19.26000022888184,20.100000381469727,19.21999931335449,19.86000061035156,19.86000061035156,3130600
407,2018-12-24,19.549999237060547,19.790000915527344,18.920000076293945,18.920000076293945,18.920000076293945,687800
408,2018-12-26,18.899999618530277,20.239999771118164,18.701000213623047,20.21999931335449,20.21999931335449,981500
409,2018-12-27,19.459999084472656,20.38999938964844,19.459999084472656,20.38999938964844,20.38999938964844,917300
410,2018-12-28,20.59000015258789,20.739999771118164,20.13500022888184,20.3799991607666,20.3799991607666,1394400
411,2018-12-31,20.56999969482422,20.64699935913086,20.09000015258789,20.450000762939453,20.450000762939453,907100
412,2019-01-02,20.020000457763672,21.020000457763672,19.700000762939453,21.0,21.0,1602200
413,2019-01-03,20.809999465942383,21.1200008392334,20.100000381469727,20.57999992370605,20.57999992370605,1246300
414,2019-01-04,21.0,21.26000022888184,20.6299991607666,20.940000534057617,20.940000534057617,2041900
415,2019-01-07,21.13999938964844,22.040000915527344,20.84000015258789,21.61000061035156,21.61000061035156,2296100
416,2019-01-08,21.940000534057617,22.34000015258789,21.56999969482422,21.86000061035156,21.86000061035156,1387600
417,2019-01-09,22.149999618530277,22.71999931335449,21.979999542236328,22.3799991607666,22.3799991607666,1224000
418,2019-01-10,22.100000381469727,22.584999084472656,22.020000457763672,22.489999771118164,22.489999771118164,1007700
419,2019-01-11,22.280000686645508,22.739999771118164,22.170000076293945,22.709999084472656,22.709999084472656,679600
420,2019-01-14,22.489999771118164,22.5,21.959999084472656,22.0,22.0,1200200
421,2019-01-15,22.100000381469727,22.290000915527344,21.76000022888184,21.920000076293945,21.920000076293945,1721100
422,2019-01-16,21.850000381469727,22.25,21.790000915527344,21.84000015258789,21.84000015258789,1185000
423,2019-01-17,21.700000762939453,22.334999084472656,21.670000076293945,22.229999542236328,22.229999542236328,840100
424,2019-01-18,22.420000076293945,23.26000022888184,22.13999938964844,23.21999931335449,23.21999931335449,2099500
425,2019-01-22,22.649999618530277,23.09499931335449,22.51799964904785,22.780000686645508,22.780000686645508,2240500
426,2019-01-23,22.899999618530277,23.15999984741211,22.170000076293945,22.43000030517578,22.43000030517578,1039900
427,2019-01-24,22.479999542236328,22.920000076293945,22.381000518798828,22.649999618530277,22.649999618530277,745100
428,2019-01-25,22.88999938964844,24.280000686645508,22.850000381469727,24.18000030517578,24.18000030517578,2219800
429,2019-01-28,23.82999992370605,24.05500030517578,23.520000457763672,23.96999931335449,23.96999931335449,1828500
430,2019-01-29,24.190000534057617,24.88999938964844,24.07999992370605,24.440000534057617,24.440000534057617,2079300
431,2019-01-30,24.84000015258789,24.979999542236328,24.25,24.6299991607666,24.6299991607666,1604100
432,2019-01-31,24.68000030517578,25.059999465942383,24.354999542236328,24.670000076293945,24.670000076293945,1637300
433,2019-02-01,24.790000915527344,25.059999465942383,24.375,24.790000915527344,24.790000915527344,1231200
434,2019-02-04,24.71999931335449,25.01000022888184,24.459999084472656,24.899999618530277,24.899999618530277,1009400
435,2019-02-05,24.899999618530277,25.21999931335449,24.84000015258789,25.040000915527344,25.040000915527344,953300
436,2019-02-06,24.950000762939453,25.350000381469727,24.8799991607666,25.149999618530277,25.149999618530277,1146600
437,2019-02-07,24.88999938964844,25.13999938964844,24.34000015258789,24.920000076293945,24.920000076293945,1801500
438,2019-02-08,24.739999771118164,24.790000915527344,23.950000762939453,24.3700008392334,24.3700008392334,1073400
439,2019-02-11,24.36000061035156,24.57999992370605,24.209999084472656,24.43000030517578,24.43000030517578,1284400
440,2019-02-12,24.770000457763672,25.01000022888184,24.600000381469727,24.6299991607666,24.6299991607666,1457100
441,2019-02-13,24.8700008392334,25.51000022888184,24.8700008392334,25.299999237060547,25.299999237060547,2274500
442,2019-02-14,25.18000030517578,25.690000534057617,25.100000381469727,25.36000061035156,25.36000061035156,1654300
443,2019-02-15,25.61000061035156,26.15900039672852,25.593000411987305,26.11000061035156,26.11000061035156,1428200
444,2019-02-19,25.950000762939453,26.98500061035156,25.100000381469727,25.920000076293945,25.920000076293945,2895800
445,2019-02-20,26.690000534057617,27.190000534057617,26.36000061035156,26.56999969482422,26.56999969482422,2435700
446,2019-02-21,26.649999618530277,27.1299991607666,26.530000686645508,27.049999237060547,27.049999237060547,1459000
447,2019-02-22,27.07999992370605,27.290000915527344,26.670000076293945,26.739999771118164,26.739999771118164,1350500
448,2019-02-25,26.84000015258789,27.149999618530277,26.729999542236328,27.059999465942383,27.059999465942383,1709700
449,2019-02-26,26.950000762939453,27.01499938964844,26.57999992370605,26.65999984741211,26.65999984741211,1396600
450,2019-02-27,26.65999984741211,26.850000381469727,26.43000030517578,26.649999618530277,26.649999618530277,973800
451,2019-02-28,26.61000061035156,26.93000030517578,26.290000915527344,26.850000381469727,26.850000381469727,1331300
452,2019-03-01,26.959999084472656,27.549999237060547,26.799999237060547,27.34000015258789,27.34000015258789,1068600
453,2019-03-04,27.459999084472656,27.6200008392334,26.8799991607666,26.979999542236328,26.979999542236328,1085700
454,2019-03-05,26.989999771118164,27.13999938964844,26.82999992370605,26.940000534057617,26.940000534057617,864700
455,2019-03-06,26.81999969482422,27.01000022888184,26.239999771118164,26.309999465942383,26.309999465942383,973000
456,2019-03-07,26.25,26.309999465942383,25.780000686645508,26.09000015258789,26.09000015258789,1670600
457,2019-03-08,25.540000915527344,26.2549991607666,25.540000915527344,26.200000762939453,26.200000762939453,1119300
458,2019-03-11,26.26000022888184,27.13999938964844,26.26000022888184,27.1200008392334,27.1200008392334,1513900
459,2019-03-12,27.149999618530277,27.239999771118164,26.899999618530277,27.059999465942383,27.059999465942383,1379400
460,2019-03-13,27.299999237060547,27.86000061035156,27.18000030517578,27.71999931335449,27.71999931335449,1656600
461,2019-03-14,27.59000015258789,27.8799991607666,26.84000015258789,27.0,27.0,1734300
462,2019-03-15,27.0,28.01000022888184,26.940000534057617,27.90999984741211,27.90999984741211,2031600
463,2019-03-18,28.0,28.26000022888184,27.600000381469727,28.200000762939453,28.200000762939453,1505900
464,2019-03-19,28.100000381469727,28.299999237060547,27.59000015258789,27.739999771118164,27.739999771118164,2120300
465,2019-03-20,27.56999969482422,28.15999984741211,27.299999237060547,27.81999969482422,27.81999969482422,1631000
466,2019-03-21,27.75,28.100000381469727,27.68000030517578,27.989999771118164,27.989999771118164,1205500
467,2019-03-22,27.84000015258789,27.84000015258789,26.65999984741211,26.76000022888184,26.76000022888184,1126800
468,2019-03-25,26.770000457763672,27.209999084472656,26.559999465942383,27.100000381469727,27.100000381469727,1198800
469,2019-03-26,27.3799991607666,27.614999771118164,27.07999992370605,27.32999992370605,27.32999992370605,859500
470,2019-03-27,27.26000022888184,27.5,26.84000015258789,27.049999237060547,27.049999237060547,1057500
471,2019-03-28,27.030000686645508,27.51000022888184,26.96999931335449,27.26000022888184,27.26000022888184,1026400
472,2019-03-29,27.5,27.88999938964844,27.46999931335449,27.809999465942383,27.809999465942383,1581300
473,2019-04-01,28.0,28.3700008392334,27.790000915527344,27.959999084472656,27.959999084472656,863900
474,2019-04-02,28.0,28.100000381469727,27.670000076293945,27.82999992370605,27.82999992370605,501100
475,2019-04-03,27.899999618530277,28.149999618530277,27.84499931335449,27.989999771118164,27.989999771118164,1215800
476,2019-04-04,27.959999084472656,28.18000030517578,27.950000762939453,28.040000915527344,28.040000915527344,553700
477,2019-04-05,28.200000762939453,28.26000022888184,28.040000915527344,28.26000022888184,28.26000022888184,804900
478,2019-04-08,28.1299991607666,28.3700008392334,27.940000534057617,28.32999992370605,28.32999992370605,634400
479,2019-04-09,28.149999618530277,28.149999618530277,27.71999931335449,27.84000015258789,27.84000015258789,899100
480,2019-04-10,27.959999084472656,28.15999984741211,27.725000381469727,28.01000022888184,28.01000022888184,633100
481,2019-04-11,28.0,28.299999237060547,27.899999618530277,28.239999771118164,28.239999771118164,937100
482,2019-04-12,28.5,28.5,27.549999237060547,27.729999542236328,27.729999542236328,1878200
483,2019-04-15,27.729999542236328,28.01000022888184,27.225000381469727,27.270000457763672,27.270000457763672,1444600
484,2019-04-16,27.540000915527344,27.76000022888184,27.36000061035156,27.420000076293945,27.420000076293945,1259200
485,2019-04-17,27.649999618530277,27.809999465942383,26.86000061035156,26.88999938964844,26.88999938964844,1152900
486,2019-04-18,27.0,27.209999084472656,26.770000457763672,27.07999992370605,27.07999992370605,1302600
487,2019-04-22,27.399999618530277,27.6299991607666,27.049999237060547,27.31999969482422,27.31999969482422,1219200
488,2019-04-23,27.31999969482422,27.95499992370605,27.290000915527344,27.799999237060547,27.799999237060547,1073200
489,2019-04-24,27.959999084472656,28.350000381469727,27.790000915527344,27.81999969482422,27.81999969482422,1470000
490,2019-04-25,27.21999931335449,27.90999984741211,27.21999931335449,27.780000686645508,27.780000686645508,1544000
491,2019-04-26,27.76000022888184,28.06999969482422,27.46999931335449,28.049999237060547,28.049999237060547,2633300
492,2019-04-29,31.0,33.16999816894531,31.0,32.54999923706055,32.54999923706055,9869800
493,2019-04-30,32.459999084472656,34.650001525878906,32.04999923706055,33.75,33.75,7293300
494,2019-05-01,33.869998931884766,34.90999984741211,33.779998779296875,34.61000061035156,34.61000061035156,4704000
495,2019-05-02,33.959999084472656,36.15999984741211,33.91999816894531,34.970001220703125,34.970001220703125,4847200
496,2019-05-03,35.13999938964844,35.43000030517578,34.47999954223633,34.70000076293945,34.70000076293945,2637600
497,2019-05-06,33.58000183105469,34.709999084472656,32.650001525878906,34.099998474121094,34.099998474121094,2183700
498,2019-05-07,33.5099983215332,34.119998931884766,33.209999084472656,33.9900016784668,33.9900016784668,1875300
499,2019-05-08,33.88999938964844,33.9900016784668,33.189998626708984,33.31999969482422,33.31999969482422,1438000
500,2019-05-09,33.040000915527344,33.81999969482422,32.54999923706055,33.43000030517578,33.43000030517578,2166400
501,2019-05-10,33.189998626708984,34.310001373291016,33.0,34.310001373291016,34.310001373291016,1306200
502,2019-05-13,33.459999084472656,33.849998474121094,33.290000915527344,33.779998779296875,33.779998779296875,1666500
503,2019-05-14,33.869998931884766,34.58000183105469,33.869998931884766,34.459999084472656,34.459999084472656,1693700
504,2019-05-15,34.08000183105469,35.59000015258789,33.724998474121094,35.2599983215332,35.2599983215332,2176400
505,2019-05-16,35.18000030517578,35.439998626708984,34.869998931884766,35.060001373291016,35.060001373291016,1766300
506,2019-05-17,34.72999954223633,35.72999954223633,34.584999084472656,34.72999954223633,34.72999954223633,2737600
507,2019-05-20,34.290000915527344,35.34000015258789,34.18000030517578,35.150001525878906,35.150001525878906,2102400
508,2019-05-21,35.2400016784668,36.11000061035156,35.20000076293945,35.88999938964844,35.88999938964844,1724500
509,2019-05-22,35.61000061035156,36.220001220703125,35.441001892089844,35.66999816894531,35.66999816894531,1741500
510,2019-05-23,35.290000915527344,35.29999923706055,34.38999938964844,34.900001525878906,34.900001525878906,1589600
511,2019-05-24,35.369998931884766,35.560001373291016,35.189998626708984,35.27000045776367,35.27000045776367,1278300
512,2019-05-28,35.279998779296875,35.59000015258789,35.11000061035156,35.29999923706055,35.29999923706055,915800
513,2019-05-29,35.13999938964844,35.2400016784668,34.7599983215332,34.939998626708984,34.939998626708984,1451600
514,2019-05-30,34.970001220703125,35.22999954223633,34.6349983215332,34.720001220703125,34.720001220703125,1268000
515,2019-05-31,34.130001068115234,34.58000183105469,33.58000183105469,33.970001220703125,33.970001220703125,1659700
516,2019-06-03,33.959999084472656,34.790000915527344,33.650001525878906,33.7599983215332,33.7599983215332,2627200
517,2019-06-04,34.33000183105469,34.4900016784668,33.93000030517578,34.189998626708984,34.189998626708984,1209000
518,2019-06-05,34.279998779296875,34.52000045776367,33.4900016784668,33.599998474121094,33.599998474121094,1733600
519,2019-06-06,33.470001220703125,33.814998626708984,33.02000045776367,33.79999923706055,33.79999923706055,1541400
520,2019-06-07,34.0,34.08000183105469,33.40999984741211,33.630001068115234,33.630001068115234,1039400
521,2019-06-10,33.77000045776367,34.310001373291016,33.650001525878906,34.040000915527344,34.040000915527344,822300
522,2019-06-11,34.34000015258789,34.56999969482422,33.720001220703125,33.75,33.75,1238800
523,2019-06-12,33.65999984741211,33.83000183105469,32.959999084472656,33.09000015258789,33.09000015258789,1105000
524,2019-06-13,33.13999938964844,33.5099983215332,33.13999938964844,33.47999954223633,33.47999954223633,821900
525,2019-06-14,33.56999969482422,33.56999969482422,32.869998931884766,33.41999816894531,33.41999816894531,789600
526,2019-06-17,33.43000030517578,33.755001068115234,33.29999923706055,33.59000015258789,33.59000015258789,922600
527,2019-06-18,33.81999969482422,34.68000030517578,33.61000061035156,34.59000015258789,34.59000015258789,1159900
528,2019-06-19,34.75,34.97999954223633,34.529998779296875,34.81999969482422,34.81999969482422,762300
529,2019-06-20,35.0,35.400001525878906,34.630001068115234,34.88999938964844,34.88999938964844,1491100
530,2019-06-21,34.790000915527344,34.790000915527344,34.0,34.099998474121094,34.099998474121094,1622100
531,2019-06-24,34.13999938964844,34.36000061035156,33.709999084472656,33.77000045776367,33.77000045776367,750500
532,2019-06-25,33.72999954223633,34.209999084472656,33.529998779296875,33.849998474121094,33.849998474121094,742900
533,2019-06-26,33.869998931884766,34.2400016784668,33.47999954223633,33.70000076293945,33.70000076293945,727200
534,2019-06-27,33.779998779296875,34.099998474121094,33.73500061035156,33.900001525878906,33.900001525878906,1081500
535,2019-06-28,34.02000045776367,34.720001220703125,33.90999984741211,34.599998474121094,34.599998474121094,1481600
536,2019-07-01,35.04999923706055,35.38600158691406,34.52000045776367,34.83000183105469,34.83000183105469,681100
537,2019-07-02,34.779998779296875,34.970001220703125,34.0,34.4900016784668,34.4900016784668,993100
538,2019-07-03,34.560001373291016,34.939998626708984,34.220001220703125,34.599998474121094,34.599998474121094,593300
539,2019-07-05,34.290000915527344,34.80500030517578,34.189998626708984,34.4900016784668,34.4900016784668,2283100
540,2019-07-08,34.45000076293945,35.0,33.790000915527344,34.099998474121094,34.099998474121094,965200
541,2019-07-09,33.7599983215332,34.11000061035156,32.9900016784668,33.04999923706055,33.04999923706055,1793600
542,2019-07-10,33.040000915527344,33.37799835205078,32.43000030517578,33.060001373291016,33.060001373291016,1624300
543,2019-07-11,32.9900016784668,33.25699996948242,31.86000061035156,32.290000915527344,32.290000915527344,3126100
544,2019-07-12,32.349998474121094,33.40999984741211,32.29999923706055,33.2599983215332,33.2599983215332,790900
545,2019-07-15,33.18000030517578,33.41999816894531,32.45000076293945,32.5,32.5,981600
546,2019-07-16,32.380001068115234,33.540000915527344,32.380001068115234,33.36000061035156,33.36000061035156,1347400
