,Date,Open,High,Low,Close,Adj Close,Volume
0,2016-11-10,32.040000915527344,32.349998474121094,29.81999969482422,30.32999992370605,28.574237823486328,35019100
1,2016-11-11,29.799999237060547,30.09000015258789,28.850000381469727,29.88999938964844,28.159711837768555,6020100
2,2016-11-14,29.34000015258789,30.43000030517578,28.75,30.190000534057617,28.442344665527344,4481900
3,2016-11-15,29.63999938964844,30.700000762939453,29.6200008392334,30.43000030517578,28.66844940185547,3667200
4,2016-11-16,30.770000457763672,32.040000915527344,30.61000061035156,31.700000762939453,29.864933013916016,4342300
5,2016-11-17,31.399999618530277,33.064998626708984,30.63500022888184,32.5099983215332,30.628047943115234,5252000
6,2016-11-18,32.13999938964844,33.099998474121094,31.790000915527344,32.68000030517578,30.788209915161133,4253400
7,2016-11-21,32.2599983215332,32.5,31.290000915527344,31.739999771118164,29.90261459350586,5036700
8,2016-11-22,31.520000457763672,33.150001525878906,30.43000030517578,32.70000076293945,30.80704116821289,5601700
9,2016-11-23,32.70000076293945,33.470001220703125,32.5,33.02000045776367,31.1085205078125,3619500
10,2016-11-25,32.7599983215332,32.779998779296875,32.27000045776367,32.59000015258789,30.70341110229492,827800
11,2016-11-28,32.27000045776367,33.5,32.16999816894531,32.7400016784668,30.844728469848636,1928500
12,2016-11-29,33.04999923706055,33.36000061035156,32.720001220703125,33.189998626708984,31.26868057250977,2139500
13,2016-11-30,33.2599983215332,34.29999923706055,33.0,33.47999954223633,31.54189109802246,2764900
14,2016-12-01,33.040000915527344,33.2599983215332,32.185001373291016,32.5099983215332,30.628047943115234,2914900
15,2016-12-02,32.15999984741211,33.209999084472656,32.0099983215332,32.9900016784668,31.08025932312012,1213100
16,2016-12-05,32.869998931884766,33.7599983215332,32.75,33.650001525878906,31.702049255371094,2004700
17,2016-12-06,33.45000076293945,33.86000061035156,33.209999084472656,33.81999969482422,31.862213134765625,1622900
18,2016-12-07,34.06999969482422,34.97999954223633,34.0,34.75,32.738372802734375,3809400
19,2016-12-08,34.90999984741211,36.0,34.61000061035156,35.93000030517578,33.85006332397461,2603000
20,2016-12-09,35.81999969482422,36.5099983215332,35.599998474121094,36.380001068115234,34.274017333984375,1993100
21,2016-12-12,36.380001068115234,37.21500015258789,36.310001373291016,36.72999954223633,34.60375213623047,1258300
22,2016-12-13,36.970001220703125,37.09000015258789,35.66999816894531,36.58000183105469,34.462432861328125,1814000
23,2016-12-14,36.619998931884766,37.0,34.970001220703125,35.150001525878906,33.11521911621094,3886300
24,2016-12-15,35.060001373291016,35.263999938964844,34.150001525878906,34.380001068115234,32.38979721069336,1555100
25,2016-12-16,34.34000015258789,35.470001220703125,34.279998779296875,35.2599983215332,33.21885681152344,3784000
26,2016-12-19,35.310001373291016,35.84000015258789,34.27000045776367,34.47999954223633,32.48398971557617,1983200
27,2016-12-20,34.220001220703125,35.11000061035156,34.20000076293945,34.95000076293945,32.926795959472656,944900
28,2016-12-21,34.63999938964844,35.220001220703125,34.459999084472656,35.02000045776367,32.99275207519531,703600
29,2016-12-22,35.0,36.619998931884766,34.79999923706055,36.33000183105469,34.2269172668457,1438500
30,2016-12-23,36.40999984741211,37.06999969482422,35.970001220703125,36.84999847412109,34.7168083190918,888300
31,2016-12-27,36.650001525878906,37.4900016784668,36.61000061035156,37.34000015258789,35.178436279296875,822200
32,2016-12-28,37.25,37.65999984741211,37.0099983215332,37.22999954223633,35.074806213378906,533800
33,2016-12-29,37.369998931884766,37.959999084472656,37.14300155639648,37.77000045776367,35.58354949951172,658500
34,2016-12-30,37.7400016784668,38.52000045776367,37.67499923706055,37.84999847412109,35.658912658691406,773000
35,2017-01-03,37.709999084472656,38.59999847412109,37.36000061035156,37.4900016784668,35.31976318359375,2007000
36,2017-01-04,37.66999816894531,38.40999984741211,36.42499923706055,36.97999954223633,34.83928298950195,1712300
37,2017-01-05,36.97999954223633,37.709999084472656,36.47999954223633,36.619998931884766,34.5001220703125,1099600
38,2017-01-06,36.41999816894531,36.959999084472656,36.060001373291016,36.83000183105469,34.69797134399414,1368000
39,2017-01-09,36.810001373291016,37.09000015258789,36.09999847412109,36.88999938964844,34.75448989868164,1333800
40,2017-01-10,38.790000915527344,38.959999084472656,36.18999862670898,36.84000015258789,34.70738983154297,3712600
41,2017-01-11,36.70000076293945,37.20000076293945,36.02000045776367,36.88999938964844,34.75448989868164,2185900
42,2017-01-12,36.68999862670898,37.0099983215332,36.119998931884766,36.959999084472656,34.8204460144043,1235200
43,2017-01-13,36.88999938964844,37.29999923706055,36.54999923706055,37.220001220703125,35.065391540527344,1010200
44,2017-01-17,37.13999938964844,37.220001220703125,36.75,36.88999938964844,34.75448989868164,1907200
45,2017-01-18,36.75,36.880001068115234,36.40999984741211,36.63999938964844,34.51897048950195,1214200
46,2017-01-19,36.790000915527344,37.0,36.33000183105469,36.959999084472656,34.8204460144043,890400
47,2017-01-20,36.95000076293945,37.560001373291016,36.77000045776367,37.11000061035156,34.961753845214844,1337000
48,2017-01-23,36.97999954223633,37.41999816894531,36.46599960327149,36.77000045776367,34.64143753051758,2035300
49,2017-01-24,36.65999984741211,37.66999816894531,36.59000015258789,37.4900016784668,35.31976318359375,1199600
50,2017-01-25,37.45000076293945,37.79999923706055,36.43999862670898,36.66999816894531,34.54723358154297,1183300
51,2017-01-26,36.38999938964844,36.869998931884766,36.25,36.33000183105469,34.403289794921875,1015300
52,2017-01-27,36.400001525878906,36.540000915527344,35.810001373291016,36.43999862670898,34.50745391845703,1088400
53,2017-01-30,36.20000076293945,36.93000030517578,36.20000076293945,36.77999877929688,34.82942581176758,912300
54,2017-01-31,36.68000030517578,37.54999923706055,36.68000030517578,37.36000061035156,35.378665924072266,1625200
55,2017-02-01,37.58000183105469,37.970001220703125,37.15999984741211,37.77000045776367,35.76691818237305,2212200
56,2017-02-02,37.70000076293945,38.810001373291016,37.61000061035156,38.41999816894531,36.38245391845703,2496300
57,2017-02-03,38.4900016784668,39.470001220703125,38.459999084472656,38.900001525878906,36.83699798583984,1495200
58,2017-02-06,39.130001068115234,39.34999847412109,38.72100067138672,39.2400016784668,37.158958435058594,1097600
59,2017-02-07,39.25,39.79999923706055,38.97999954223633,39.40999984741211,37.3199462890625,1362100
60,2017-02-08,39.27999877929688,39.68999862670898,38.58000183105469,39.15999984741211,37.08320236206055,1575200
61,2017-02-09,39.15999984741211,39.52000045776367,38.68999862670898,39.08000183105469,37.007442474365234,1138900
62,2017-02-10,39.0,39.56999969482422,38.59999847412109,39.27000045776367,37.18737411499024,868900
63,2017-02-13,39.2400016784668,39.709999084472656,38.83000183105469,39.43000030517578,37.3388900756836,1128300
64,2017-02-14,39.33000183105469,39.7400016784668,39.25,39.650001525878906,37.54722213745117,1098400
65,2017-02-15,39.5,39.75,39.20000076293945,39.630001068115234,37.52827835083008,1387700
66,2017-02-16,39.56999969482422,40.15999984741211,39.560001373291016,39.900001525878906,37.78395462036133,1034800
67,2017-02-17,39.77000045776367,39.95000076293945,39.29999923706055,39.619998931884766,37.51880645751953,1488000
68,2017-02-21,39.560001373291016,40.130001068115234,39.29999923706055,39.619998931884766,37.51880645751953,1295400
69,2017-02-22,39.40999984741211,40.0,39.40999984741211,39.84999847412109,37.736602783203125,800800
70,2017-02-23,39.95000076293945,39.95000076293945,39.27000045776367,39.5,37.40517807006836,564200
71,2017-02-24,39.5,39.65999984741211,39.321998596191406,39.58000183105469,37.48093032836914,374900
72,2017-02-27,39.70000076293945,39.70000076293945,39.08000183105469,39.47999954223633,37.38623809814453,603400
73,2017-02-28,39.43999862670898,39.790000915527344,39.18999862670898,39.18999862670898,37.11161804199219,653800
74,2017-03-01,39.09999847412109,40.040000915527344,39.06999969482422,39.95000076293945,37.831302642822266,734400
75,2017-03-02,39.70000076293945,40.38999938964844,39.55699920654297,40.220001220703125,38.08699035644531,818900
76,2017-03-03,40.08000183105469,40.46699905395508,39.52999877929688,40.400001525878906,38.25743865966797,1254100
77,2017-03-06,40.369998931884766,40.61000061035156,40.060001373291016,40.41999816894531,38.27638244628906,1784400
78,2017-03-07,40.2599983215332,41.04999923706055,40.04499816894531,40.7400016784668,38.57941055297852,1684000
79,2017-03-08,40.650001525878906,41.08000183105469,40.41999816894531,40.720001220703125,38.56046676635742,1926500
80,2017-03-09,40.790000915527344,41.09999847412109,40.540000915527344,40.97999954223633,38.80668640136719,1533800
81,2017-03-10,41.02000045776367,41.59999847412109,40.86399841308594,41.400001525878906,39.20441055297852,1544100
82,2017-03-13,41.38999938964844,41.61000061035156,41.310001373291016,41.52999877929688,39.32752227783203,1383900
83,2017-03-14,41.5,42.25,41.323001861572266,42.209999084472656,39.97145080566406,992300
84,2017-03-15,42.43999862670898,43.470001220703125,42.27999877929688,42.36000061035156,40.11349868774414,2309500
85,2017-03-16,42.27999877929688,42.5,41.75,41.9900016784668,39.76311874389648,1065300
86,2017-03-17,41.93999862670898,42.38999938964844,41.66999816894531,42.25,40.00933456420898,1609000
87,2017-03-20,42.310001373291016,42.630001068115234,42.09099960327149,42.47999954223633,40.22713851928711,1693200
88,2017-03-21,42.59000015258789,43.125,42.540000915527344,42.869998931884766,40.5964469909668,1640100
89,2017-03-22,43.02000045776367,43.47999954223633,42.43000030517578,42.43999862670898,40.18925094604492,1391700
90,2017-03-23,42.400001525878906,43.27999877929688,42.220001220703125,43.0099983215332,40.72902297973633,1135600
91,2017-03-24,43.0,43.23500061035156,42.66999816894531,42.66999816894531,40.40705108642578,1338300
92,2017-03-27,42.52999877929688,43.02000045776367,42.220001220703125,42.959999084472656,40.68167495727539,812700
93,2017-03-28,42.86000061035156,43.20000076293945,42.65999984741211,42.91999816894531,40.643798828125,901800
94,2017-03-29,42.880001068115234,42.95000076293945,42.52000045776367,42.63999938964844,40.3786506652832,704000
95,2017-03-30,42.70000076293945,42.70000076293945,42.060001373291016,42.09000015258789,39.857818603515625,640800
96,2017-03-31,42.06999969482422,42.14500045776367,41.810001373291016,42.060001373291016,39.82940673828125,1003800
97,2017-04-03,42.0099983215332,42.25,41.75,42.0,39.7725944519043,914700
98,2017-04-04,42.08000183105469,42.220001220703125,41.540000915527344,42.18999862670898,39.95250701904297,1297300
99,2017-04-05,42.130001068115234,42.5,41.70000076293945,41.7400016784668,39.5263786315918,816300
100,2017-04-06,43.119998931884766,43.400001525878906,40.61000061035156,43.13999938964844,40.85212707519531,2956500
101,2017-04-07,42.130001068115234,43.2599983215332,41.75,42.9900016784668,40.71009826660156,2618100
102,2017-04-10,42.93999862670898,43.0099983215332,42.18000030517578,42.7599983215332,40.49229049682617,1236700
103,2017-04-11,42.77999877929688,42.88999938964844,42.09400177001953,42.880001068115234,40.60592269897461,1170500
104,2017-04-12,42.900001525878906,42.95000076293945,42.08000183105469,42.15999984741211,39.92410659790039,717600
105,2017-04-13,42.18000030517578,42.34000015258789,41.869998931884766,41.869998931884766,39.64948272705078,531800
106,2017-04-17,41.88999938964844,42.2599983215332,41.755001068115234,42.22999954223633,39.99038696289063,508300
107,2017-04-18,42.27000045776367,42.43999862670898,41.9900016784668,42.380001068115234,40.1324348449707,812900
108,2017-04-19,42.290000915527344,42.38999938964844,42.0099983215332,42.20000076293945,39.96198654174805,526300
109,2017-04-20,42.310001373291016,42.7400016784668,42.02000045776367,42.59999847412109,40.34077072143555,415600
110,2017-04-21,42.56999969482422,42.56999969482422,42.040000915527344,42.2599983215332,40.01879501342773,679600
111,2017-04-24,42.52999877929688,42.709999084472656,42.20000076293945,42.66999816894531,40.40705108642578,555600
112,2017-04-25,42.84000015258789,42.93000030517578,42.27999877929688,42.459999084472656,40.20819854736328,840100
113,2017-04-26,42.33000183105469,42.380001068115234,41.959999084472656,42.2400016784668,40.17774963378906,901200
114,2017-04-27,42.13999938964844,42.84999847412109,42.130001068115234,42.63999938964844,40.558223724365234,991400
115,2017-04-28,42.59000015258789,42.63999938964844,41.54999923706055,41.75,39.71168518066406,1186100
116,2017-05-01,41.86000061035156,41.970001220703125,41.34999847412109,41.79999923706055,39.75923156738281,1440300
117,2017-05-02,41.68000030517578,42.02000045776367,40.90999984741211,41.38999938964844,39.3692512512207,1039700
118,2017-05-03,41.16999816894531,41.43999862670898,40.83000183105469,40.900001525878906,38.903167724609375,800600
119,2017-05-04,41.18000030517578,41.400001525878906,40.75,41.2599983215332,39.245601654052734,959100
120,2017-05-05,41.18000030517578,41.6349983215332,41.18000030517578,41.56999969482422,39.540470123291016,595200
121,2017-05-08,41.41999816894531,41.619998931884766,41.119998931884766,41.58000183105469,39.54998016357422,739200
122,2017-05-09,41.619998931884766,41.900001525878906,41.310001373291016,41.75,39.71168518066406,715000
123,2017-05-10,41.68000030517578,42.470001220703125,41.650001525878906,42.470001220703125,40.39652633666992,1017200
124,2017-05-11,42.33000183105469,42.5,41.91999816894531,42.20000076293945,40.13970947265625,1006900
125,2017-05-12,42.06999969482422,42.369998931884766,42.06999969482422,42.20000076293945,40.13970947265625,523100
126,2017-05-15,42.13999938964844,42.959999084472656,42.13999938964844,42.93000030517578,40.83406829833984,601600
127,2017-05-16,43.22999954223633,44.5099983215332,43.09999847412109,44.470001220703125,42.29887771606445,1805900
128,2017-05-17,44.470001220703125,44.709999084472656,44.02999877929688,44.16999816894531,42.01353073120117,1248000
129,2017-05-18,44.04999923706055,44.220001220703125,43.720001220703125,43.93999862670898,41.79475402832031,2490800
130,2017-05-19,44.41999816894531,44.84000015258789,44.04999923706055,44.380001068115234,42.21327972412109,740200
131,2017-05-22,44.5,44.75,44.290000915527344,44.58000183105469,42.40351486206055,531800
132,2017-05-23,44.5099983215332,44.72999954223633,44.15999984741211,44.220001220703125,42.06108856201172,650800
133,2017-05-24,44.68000030517578,45.5099983215332,44.400001525878906,45.4900016784668,43.26908874511719,1182000
134,2017-05-25,45.58000183105469,45.91999816894531,45.400001525878906,45.630001068115234,43.402252197265625,561400
135,2017-05-26,45.54999923706055,45.810001373291016,45.310001373291016,45.65999984741211,43.430782318115234,434200
136,2017-05-30,45.5,46.31999969482422,45.40999984741211,46.16999816894531,43.9158821105957,756900
137,2017-05-31,46.310001373291016,46.81999969482422,46.310001373291016,46.40999984741211,44.144168853759766,879700
138,2017-06-01,46.47999954223633,47.400001525878906,46.33000183105469,47.31999969482422,45.00973892211914,740500
139,2017-06-02,47.560001373291016,47.9900016784668,47.0,47.380001068115234,45.06680679321289,634100
140,2017-06-05,47.150001525878906,47.459999084472656,46.40999984741211,46.709999084472656,44.42951965332031,653600
141,2017-06-06,46.650001525878906,46.70500183105469,45.93999862670898,46.66999816894531,44.39147567749024,568100
142,2017-06-07,46.7599983215332,47.209999084472656,46.32500076293945,46.90999984741211,44.619754791259766,691100
143,2017-06-08,46.900001525878906,46.90999984741211,46.47999954223633,46.5,44.22977066040039,374000
144,2017-06-09,46.58000183105469,46.7599983215332,45.84999847412109,46.02999877929688,43.78271865844727,862700
145,2017-06-12,46.15999984741211,46.27999877929688,45.20000076293945,45.43000030517578,43.212013244628906,611500
146,2017-06-13,45.59999847412109,46.2400016784668,45.470001220703125,45.97999954223633,43.73516082763672,592500
147,2017-06-14,45.79999923706055,46.130001068115234,45.459999084472656,45.59000015258789,43.364200592041016,760000
148,2017-06-15,45.459999084472656,45.63999938964844,45.060001373291016,45.31999969482422,43.10738754272461,480300
149,2017-06-16,45.18000030517578,45.27000045776367,43.88999938964844,45.06999969482422,42.86958694458008,1658200
150,2017-06-19,44.959999084472656,45.650001525878906,44.959999084472656,45.54999923706055,43.326148986816406,906200
151,2017-06-20,45.86000061035156,45.93000030517578,45.47999954223633,45.72999954223633,43.49736785888672,447500
152,2017-06-21,45.90999984741211,46.18000030517578,45.56999969482422,45.81999969482422,43.58297348022461,812100
153,2017-06-22,45.83000183105469,46.0099983215332,45.40999984741211,45.59000015258789,43.364200592041016,310800
154,2017-06-23,45.540000915527344,45.72999954223633,45.310001373291016,45.560001373291016,43.33566284179688,2435400
155,2017-06-26,45.619998931884766,45.7400016784668,45.060001373291016,45.34000015258789,43.12640380859375,483000
156,2017-06-27,45.27999877929688,45.369998931884766,44.52000045776367,44.68999862670898,42.50813293457031,591400
157,2017-06-28,44.86000061035156,45.7400016784668,44.650001525878906,45.369998931884766,43.15494155883789,663600
158,2017-06-29,45.29999923706055,45.310001373291016,44.040000915527344,44.130001068115234,41.97548294067383,762100
159,2017-06-30,44.290000915527344,44.5099983215332,43.959999084472656,44.040000915527344,41.8898811340332,652600
160,2017-07-03,44.02000045776367,44.15999984741211,43.31999969482422,43.86000061035156,41.71866226196289,618100
161,2017-07-05,43.66999816894531,44.06999969482422,43.2599983215332,43.27000045776367,41.157470703125,820600
162,2017-07-06,43.130001068115234,43.2400016784668,42.744998931884766,42.900001525878906,40.8055305480957,726300
163,2017-07-07,43.0099983215332,43.400001525878906,42.7599983215332,43.09999847412109,40.99576568603516,516800
164,2017-07-10,43.20000076293945,43.2599983215332,42.58000183105469,42.7400016784668,40.65334701538086,1034900
165,2017-07-11,42.810001373291016,43.810001373291016,42.58000183105469,43.790000915527344,41.65208053588867,1129600
166,2017-07-12,44.0,44.52999877929688,43.75,44.0,41.85182571411133,931900
167,2017-07-13,44.02999877929688,44.18999862670898,43.47999954223633,43.77000045776367,41.633056640625,696700
168,2017-07-14,43.79999923706055,44.09000015258789,43.60499954223633,43.650001525878906,41.5189094543457,358100
169,2017-07-17,43.66999816894531,44.18000030517578,43.400001525878906,43.9900016784668,41.842323303222656,512500
170,2017-07-18,44.02000045776367,44.34000015258789,43.85499954223633,44.130001068115234,41.97548294067383,568800
171,2017-07-19,44.20000076293945,44.56999969482422,44.04999923706055,44.380001068115234,42.21327972412109,592600
172,2017-07-20,44.43999862670898,44.5099983215332,44.220001220703125,44.27999877929688,42.11815643310547,470100
173,2017-07-21,44.29999923706055,45.20000076293945,44.27000045776367,45.0,42.803009033203125,1989000
174,2017-07-24,44.810001373291016,45.2599983215332,44.459999084472656,44.75,42.56521224975586,961900
175,2017-07-25,47.380001068115234,49.93999862670898,45.02000045776367,45.68000030517578,43.44980239868164,3175200
176,2017-07-26,45.5099983215332,46.0099983215332,44.18000030517578,44.27999877929688,42.11815643310547,1260000
177,2017-07-27,44.290000915527344,44.540000915527344,43.720001220703125,43.86000061035156,41.71866226196289,1866100
178,2017-07-28,43.68999862670898,44.180999755859375,43.59999847412109,43.81999969482422,41.68061447143555,951100
179,2017-07-31,43.650001525878906,44.150001525878906,43.64300155639648,43.97999954223633,41.832801818847656,1196700
180,2017-08-01,44.209999084472656,44.2599983215332,43.90999984741211,44.040000915527344,41.8898811340332,1093500
181,2017-08-02,43.86000061035156,44.130001068115234,43.25,43.7599983215332,41.80198669433594,1002600
182,2017-08-03,43.7400016784668,43.7400016784668,43.119998931884766,43.220001220703125,41.286163330078125,691500
183,2017-08-04,43.40999984741211,43.619998931884766,42.900001525878906,43.619998931884766,41.66825866699219,441600
184,2017-08-07,43.619998931884766,44.11000061035156,43.40999984741211,43.86000061035156,41.89751434326172,555500
185,2017-08-08,43.7400016784668,43.7599983215332,43.209999084472656,43.560001373291016,41.61094284057617,789300
186,2017-08-09,43.45000076293945,43.810001373291016,43.0,43.5099983215332,41.56318283081055,690700
187,2017-08-10,43.43000030517578,44.380001068115234,43.27999877929688,44.34000015258789,42.35604476928711,620000
188,2017-08-11,44.33000183105469,44.810001373291016,44.08000183105469,44.810001373291016,42.80501174926758,452800
189,2017-08-14,44.869998931884766,45.060001373291016,44.69499969482422,44.810001373291016,42.80501174926758,690800
190,2017-08-15,44.900001525878906,45.08000183105469,44.70000076293945,45.02000045776367,43.00561141967773,439800
191,2017-08-16,45.11000061035156,45.56999969482422,44.91999816894531,45.36000061035156,43.33039474487305,523200
192,2017-08-17,45.290000915527344,45.900001525878906,45.119998931884766,45.369998931884766,43.33995056152344,729800
193,2017-08-18,45.209999084472656,45.310001373291016,44.86000061035156,45.27000045776367,43.24443435668945,755600
194,2017-08-21,45.13999938964844,45.58000183105469,45.01399993896485,45.45000076293945,43.41637802124024,697200
195,2017-08-22,45.5,45.970001220703125,45.38999938964844,45.65999984741211,43.616973876953125,858600
196,2017-08-23,45.56999969482422,45.7400016784668,45.02999877929688,45.59000015258789,43.55011367797852,709100
197,2017-08-24,45.61000061035156,45.61000061035156,44.81499862670898,45.0,42.98651123046875,1029500
198,2017-08-25,45.060001373291016,45.22999954223633,44.810001373291016,45.040000915527344,43.02471923828125,983000
199,2017-08-28,45.18999862670898,45.18999862670898,44.720001220703125,44.880001068115234,42.87187957763672,981200
200,2017-08-29,44.77999877929688,45.15999984741211,44.72999954223633,45.06999969482422,43.05337524414063,975900
201,2017-08-30,45.11000061035156,45.2400016784668,44.68000030517578,45.16999816894531,43.14889907836914,731800
202,2017-08-31,45.11000061035156,45.709999084472656,45.0099983215332,45.47999954223633,43.44503402709961,652000
203,2017-09-01,45.720001220703125,46.150001525878906,45.54999923706055,45.9900016784668,43.93221282958984,545600
204,2017-09-05,46.04999923706055,46.22999954223633,45.560001373291016,45.7400016784668,43.69340133666992,1071500
205,2017-09-06,45.7400016784668,45.80500030517578,45.02000045776367,45.31999969482422,43.29219818115234,730500
206,2017-09-07,45.38999938964844,45.58000183105469,45.040000915527344,45.27999877929688,43.25397872924805,721100
207,2017-09-08,45.209999084472656,45.900001525878906,44.91999816894531,45.43999862670898,43.40682220458984,631400
208,2017-09-11,45.66999816894531,46.130001068115234,45.47999954223633,45.630001068115234,43.58832550048828,567100
209,2017-09-12,45.66999816894531,46.0099983215332,45.5099983215332,46.0,43.94176483154297,714000
210,2017-09-13,46.040000915527344,46.744998931884766,46.040000915527344,46.54999923706055,44.46715545654297,848300
211,2017-09-14,46.4900016784668,46.54999923706055,46.0099983215332,46.06999969482422,44.00863265991211,636300
212,2017-09-15,46.15999984741211,46.5099983215332,46.119998931884766,46.38999938964844,44.31431579589844,1962700
213,2017-09-18,46.29999923706055,46.45000076293945,45.869998931884766,46.27999877929688,44.209232330322266,583100
214,2017-09-19,46.290000915527344,46.43000030517578,45.9900016784668,46.38999938964844,44.31431579589844,666400
215,2017-09-20,46.369998931884766,46.720001220703125,46.18000030517578,46.650001525878906,44.56267929077149,815700
216,2017-09-21,46.720001220703125,46.744998931884766,45.83000183105469,45.86000061035156,43.80802536010742,284600
217,2017-09-22,45.97999954223633,46.13999938964844,45.33000183105469,45.380001068115234,43.34950637817383,380800
218,2017-09-25,45.36000061035156,45.59999847412109,45.02000045776367,45.16999816894531,43.14889907836914,857600
219,2017-09-26,45.2599983215332,45.81999969482422,45.16999816894531,45.52999877929688,43.492794036865234,598000
220,2017-09-27,45.83000183105469,46.2400016784668,45.630001068115234,46.040000915527344,43.97998046875,686400
221,2017-09-28,45.97999954223633,46.630001068115234,45.875,46.58000183105469,44.49581527709961,685700
222,2017-09-29,46.459999084472656,47.150001525878906,46.459999084472656,46.88999938964844,44.79194259643555,910200
223,2017-10-02,46.79999923706055,48.16999816894531,46.68199920654297,47.540000915527344,45.41286087036133,1324700
224,2017-10-03,47.540000915527344,47.61000061035156,46.959999084472656,47.16999816894531,45.05940628051758,1275800
225,2017-10-04,48.66999816894531,48.84999847412109,46.29999923706055,48.40999984741211,46.243927001953125,2031300
226,2017-10-05,48.84000015258789,49.13999938964844,48.540000915527344,48.59000015258789,46.41588592529297,905800
227,2017-10-06,48.59000015258789,49.130001068115234,48.59000015258789,49.130001068115234,46.93170928955078,760100
228,2017-10-09,49.13999938964844,49.209999084472656,48.709999084472656,48.83000183105469,46.645145416259766,545200
229,2017-10-10,49.09000015258789,49.2400016784668,48.84999847412109,49.040000915527344,46.84574508666992,781700
230,2017-10-11,49.04999923706055,49.75,48.95000076293945,49.369998931884766,47.16097259521485,739300
231,2017-10-12,49.36000061035156,49.72600173950195,49.0,49.70000076293945,47.4762077331543,504700
232,2017-10-13,49.88999938964844,50.040000915527344,49.61100006103516,50.0,47.762786865234375,534800
233,2017-10-16,50.0,50.81999969482422,50.0,50.68999862670898,48.42190933227539,665600
234,2017-10-17,50.54999923706055,50.59999847412109,49.90999984741211,50.220001220703125,47.97294235229492,1048600
235,2017-10-18,50.380001068115234,50.56499862670898,50.220001220703125,50.560001373291016,48.297733306884766,763000
236,2017-10-19,50.470001220703125,50.68000030517578,50.130001068115234,50.29999923706055,48.04936599731445,487800
237,2017-10-20,50.40999984741211,50.77799987792969,50.22999954223633,50.630001068115234,48.36459732055664,501300
238,2017-10-23,50.61000061035156,51.08000183105469,50.52000045776367,50.900001525878906,48.62252426147461,710000
239,2017-10-24,50.65999984741211,51.20000076293945,50.45000076293945,50.720001220703125,48.45056915283203,409700
240,2017-10-25,51.04999923706055,51.15999984741211,50.35100173950195,50.619998931884766,48.35504150390625,596400
241,2017-10-26,50.650001525878906,50.93000030517578,50.56999969482422,50.59999847412109,48.3359375,298900
242,2017-10-27,50.61000061035156,50.869998931884766,50.08000183105469,50.81999969482422,48.54609298706055,374500
243,2017-10-30,50.70000076293945,50.970001220703125,50.2599983215332,50.380001068115234,48.12578201293945,475500
244,2017-10-31,50.52999877929688,51.560001373291016,50.4010009765625,50.9900016784668,48.70848846435547,478900
245,2017-11-01,51.02000045776367,51.970001220703125,51.02000045776367,51.34999847412109,49.05238342285156,650400
246,2017-11-02,51.09999847412109,51.86000061035156,50.900001525878906,51.79999923706055,49.6640739440918,996700
247,2017-11-03,51.72999954223633,52.43000030517578,51.459999084472656,52.119998931884766,49.97088623046875,660600
248,2017-11-06,52.400001525878906,52.470001220703125,51.720001220703125,52.060001373291016,49.913352966308594,446600
249,2017-11-07,52.18999862670898,52.34999847412109,51.45000076293945,51.65999984741211,49.52985382080078,435800
250,2017-11-08,51.72999954223633,52.40999984741211,51.66999816894531,52.38999938964844,50.22974395751953,465000
251,2017-11-09,52.20000076293945,52.45000076293945,51.56999969482422,51.619998931884766,49.49148941040039,415200
252,2017-11-10,51.36000061035156,52.2400016784668,50.59999847412109,51.959999084472656,49.81746673583984,733100
253,2017-11-13,51.880001068115234,52.84999847412109,51.79999923706055,52.77999877929688,50.60366439819336,747900
254,2017-11-14,52.709999084472656,54.0099983215332,52.47999954223633,53.38999938964844,51.188514709472656,809600
255,2017-11-15,53.290000915527344,53.290000915527344,52.70000076293945,52.7400016784668,50.5653190612793,1070200
256,2017-11-16,52.97999954223633,54.02999877929688,52.97999954223633,53.45000076293945,51.24602890014648,1499100
257,2017-11-17,53.209999084472656,53.994998931884766,53.15999984741211,53.209999084472656,51.01593780517578,853000
258,2017-11-20,53.209999084472656,53.90999984741211,53.209999084472656,53.68999862670898,51.47614288330078,617700
259,2017-11-21,53.72999954223633,54.20500183105469,53.630001068115234,53.7400016784668,51.52408218383789,726500
260,2017-11-22,53.7400016784668,54.27000045776367,53.470001220703125,54.25,52.0130500793457,541100
261,2017-11-24,54.400001525878906,54.650001525878906,54.18000030517578,54.43999862670898,52.19521713256836,130900
262,2017-11-27,54.43000030517578,54.47999954223633,53.97999954223633,54.02999877929688,51.8021240234375,997500
263,2017-11-28,54.08000183105469,54.45000076293945,53.720001220703125,54.02999877929688,51.8021240234375,2590800
264,2017-11-29,53.97999954223633,54.369998931884766,53.4900016784668,53.95000076293945,51.72542190551758,1096900
265,2017-11-30,53.93999862670898,54.48500061035156,53.75,54.369998931884766,52.12810134887695,2492700
266,2017-12-01,54.5,54.93000030517578,53.86000061035156,54.86000061035156,52.597900390625,1410000
267,2017-12-04,55.0099983215332,55.15800094604492,54.619998931884766,54.95000076293945,52.68418884277344,795300
268,2017-12-05,55.09999847412109,55.09999847412109,54.43999862670898,54.45000076293945,52.20480346679688,666000
269,2017-12-06,54.45000076293945,54.900001525878906,54.36000061035156,54.45000076293945,52.20480346679688,559600
270,2017-12-07,54.25,55.15999984741211,54.24800109863281,54.97999954223633,52.71295547485352,1004800
271,2017-12-08,55.04999923706055,56.41999816894531,54.95000076293945,56.20000076293945,53.88265228271485,1608000
272,2017-12-11,56.150001525878906,57.20000076293945,56.09999847412109,56.880001068115234,54.53460311889648,1390400
273,2017-12-12,56.97999954223633,57.040000915527344,55.650001525878906,55.75,53.451210021972656,672700
274,2017-12-13,55.900001525878906,56.08000183105469,55.70000076293945,55.79999923706055,53.499141693115234,923600
275,2017-12-14,55.709999084472656,55.95000076293945,55.40999984741211,55.45000076293945,53.163570404052734,493700
276,2017-12-15,55.31999969482422,55.75,55.20000076293945,55.5,53.21150588989258,2592300
277,2017-12-18,55.650001525878906,56.5,55.52999877929688,56.119998931884766,53.80593490600586,1000100
278,2017-12-19,56.33000183105469,56.68999862670898,55.7599983215332,55.84999847412109,53.54707336425781,787900
279,2017-12-20,56.02999877929688,56.08000183105469,55.36000061035156,55.97999954223633,53.67171096801758,1110100
280,2017-12-21,56.040000915527344,56.25,55.29999923706055,55.43000030517578,53.1443977355957,776200
281,2017-12-22,55.68000030517578,55.9900016784668,55.380001068115234,55.81999969482422,53.518314361572266,835800
282,2017-12-26,55.810001373291016,55.86000061035156,55.11000061035156,55.18000030517578,52.90469741821289,492000
283,2017-12-27,55.33000183105469,55.72999954223633,55.20000076293945,55.459999084472656,53.173152923583984,571100
284,2017-12-28,55.630001068115234,56.06999969482422,55.41999816894531,55.86000061035156,53.55666732788086,668100
285,2017-12-29,55.91999816894531,57.5099983215332,55.81999969482422,56.45000076293945,54.12234115600586,1163400
286,2018-01-02,56.4900016784668,56.77000045776367,55.16999816894531,55.369998931884766,53.086856842041016,938900
287,2018-01-03,55.59999847412109,56.43999862670898,55.220001220703125,56.060001373291016,53.7484245300293,1631600
288,2018-01-04,55.54999923706055,57.9900016784668,53.20000076293945,57.220001220703125,54.86058807373047,3492400
289,2018-01-05,57.2400016784668,58.0,56.7400016784668,57.70000076293945,55.32079315185547,2317200
290,2018-01-08,57.81999969482422,58.68999862670898,57.290000915527344,58.560001373291016,56.14533996582031,958600
291,2018-01-09,58.4900016784668,58.70000076293945,57.97999954223633,58.040000915527344,55.646785736083984,891700
292,2018-01-10,58.2599983215332,58.45500183105469,57.56999969482422,57.869998931884766,55.48377990722656,997800
293,2018-01-11,58.02000045776367,58.2400016784668,57.52999877929688,58.0,55.6084213256836,1429700
294,2018-01-12,57.9900016784668,58.43999862670898,57.619998931884766,58.27999877929688,55.87687301635742,1095800
295,2018-01-16,58.400001525878906,59.09000015258789,58.345001220703125,58.52000045776367,56.10697937011719,1013600
296,2018-01-17,58.7400016784668,59.630001068115234,58.5,59.34000015258789,56.893165588378906,680100
297,2018-01-18,59.369998931884766,59.52999877929688,58.62900161743164,59.02999877929688,56.59595489501953,1657000
298,2018-01-19,59.18000030517578,60.27999877929688,59.18000030517578,60.040000915527344,57.56430435180664,976700
299,2018-01-22,60.27000045776367,60.84999847412109,60.040000915527344,60.29999923706055,57.81358337402344,794100
300,2018-01-23,60.15999984741211,60.65999984741211,59.84999847412109,60.31999969482422,57.832763671875,577400
301,2018-01-24,60.400001525878906,60.75,59.79999923706055,59.869998931884766,57.40131378173828,828300
302,2018-01-25,60.06999969482422,60.459999084472656,58.900001525878906,59.2400016784668,56.79729461669922,704600
303,2018-01-26,59.22999954223633,59.86000061035156,58.79999923706055,59.79999923706055,57.33419799804688,445000
304,2018-01-29,59.4900016784668,60.22999954223633,59.08000183105469,59.09000015258789,56.65347290039063,709100
305,2018-01-30,58.66999816894531,59.095001220703125,58.040000915527344,58.25,55.84811782836914,950300
306,2018-01-31,58.459999084472656,59.13999938964844,58.18999862670898,58.59999847412109,56.18367767333984,861000
307,2018-02-01,58.400001525878906,58.79999923706055,57.0099983215332,57.400001525878906,55.21313095092773,1690200
308,2018-02-02,57.150001525878906,57.650001525878906,56.22499847412109,56.790000915527344,54.62635803222656,1788400
309,2018-02-05,56.7400016784668,57.52999877929688,56.16999816894531,56.34000015258789,54.193504333496094,2142200
310,2018-02-06,55.220001220703125,56.7400016784668,54.34000015258789,55.79999923706055,53.6740837097168,2049700
311,2018-02-07,55.66999816894531,57.22999954223633,55.51800155639648,56.93000030517578,54.76102828979492,1652700
312,2018-02-08,57.130001068115234,57.5,54.68999862670898,54.72999954223633,52.64484405517578,1622100
313,2018-02-09,55.08000183105469,55.56499862670898,52.91999816894531,54.459999084472656,52.3851318359375,1810400
314,2018-02-12,54.77999877929688,55.46500015258789,54.34999847412109,55.08000183105469,52.98151779174805,1267300
315,2018-02-13,54.959999084472656,55.06999969482422,54.220001220703125,54.540000915527344,52.46208190917969,1404800
316,2018-02-14,54.33000183105469,54.83000183105469,53.93000030517578,54.2400016784668,52.17351531982422,1668100
317,2018-02-15,54.459999084472656,55.400001525878906,53.869998931884766,55.400001525878906,53.289329528808594,3528800
318,2018-02-16,55.06999969482422,55.84999847412109,54.84999847412109,55.58000183105469,53.46247100830078,1263800
319,2018-02-20,55.27999877929688,55.56999969482422,54.2400016784668,54.290000915527344,52.22161483764648,1143100
320,2018-02-21,54.41999816894531,54.959999084472656,53.470001220703125,53.5099983215332,51.4713249206543,877100
321,2018-02-22,53.52000045776367,54.27000045776367,53.290000915527344,53.75,51.70218276977539,1400100
322,2018-02-23,53.97999954223633,54.75,53.310001373291016,54.709999084472656,52.6256103515625,707000
323,2018-02-26,54.93999862670898,55.06999969482422,54.34999847412109,54.619998931884766,52.539039611816406,623700
324,2018-02-27,54.619998931884766,54.90999984741211,54.38999938964844,54.38999938964844,52.31779861450195,530100
325,2018-02-28,54.58000183105469,54.821998596191406,54.08000183105469,54.09000015258789,52.02923583984375,941000
326,2018-03-01,54.08000183105469,55.119998931884766,53.9900016784668,54.459999084472656,52.3851318359375,776000
327,2018-03-02,54.22999954223633,55.43000030517578,54.040000915527344,55.369998931884766,53.26045608520508,731200
328,2018-03-05,55.209999084472656,55.93000030517578,55.0099983215332,55.880001068115234,53.75104141235352,1070700
329,2018-03-06,55.84999847412109,56.84000015258789,55.60499954223633,56.81999969482422,54.65522003173828,784800
330,2018-03-07,56.310001373291016,56.63999938964844,55.86000061035156,56.310001373291016,54.16465759277344,872200
331,2018-03-08,56.36000061035156,56.900001525878906,56.16999816894531,56.66999816894531,54.510929107666016,846300
332,2018-03-09,56.9900016784668,57.38999938964844,56.65999984741211,57.33000183105469,55.14579391479492,966600
333,2018-03-12,57.459999084472656,57.66999816894531,56.84999847412109,57.2599983215332,55.078460693359375,798000
334,2018-03-13,57.31999969482422,57.59000015258789,56.36000061035156,56.470001220703125,54.31855392456055,391700
335,2018-03-14,56.75,56.91999816894531,55.900001525878906,56.08000183105469,53.94341659545898,468300
336,2018-03-15,56.220001220703125,56.63999938964844,55.290000915527344,55.619998931884766,53.500938415527344,502200
337,2018-03-16,55.720001220703125,56.25,55.22999954223633,55.65999984741211,53.5394172668457,1027100
338,2018-03-19,55.52000045776367,55.86000061035156,55.18999862670898,55.470001220703125,53.35665130615234,976200
339,2018-03-20,55.66999816894531,55.959999084472656,55.5099983215332,55.68999862670898,53.56827545166016,422400
340,2018-03-21,55.52999877929688,55.69499969482422,54.58000183105469,55.36000061035156,53.25083923339844,769300
341,2018-03-22,55.0,55.77000045776367,54.56999969482422,54.58000183105469,52.50056457519531,636900
342,2018-03-23,54.75,54.959999084472656,54.040000915527344,54.04999923706055,51.99074935913086,806600
343,2018-03-26,54.52999877929688,56.61000061035156,54.48500061035156,56.43000030517578,54.28008270263672,1135000
344,2018-03-27,57.310001373291016,57.540000915527344,55.77000045776367,56.0,53.866458892822266,1010600
345,2018-03-28,55.970001220703125,56.560001373291016,55.790000915527344,56.38999938964844,54.24160385131836,832600
346,2018-03-29,56.7599983215332,58.5,56.7599983215332,58.220001220703125,56.00188827514648,1344500
347,2018-04-02,58.5,58.900001525878906,57.45000076293945,58.06999969482422,55.85759735107422,1876100
348,2018-04-03,58.43999862670898,59.5,57.58000183105469,59.130001068115234,56.877220153808594,1578900
349,2018-04-04,58.72999954223633,59.66999816894531,58.25,59.43000030517578,57.1657829284668,1883600
350,2018-04-05,62.0,62.834999084472656,60.060001373291016,61.470001220703125,59.12805938720703,3817100
351,2018-04-06,61.29999923706055,62.560001373291016,60.93999862670898,61.77999877929688,59.42625045776367,1652400
352,2018-04-09,62.18000030517578,63.06999969482422,61.77999877929688,62.290000915527344,59.91682052612305,1087700
353,2018-04-10,63.0,63.970001220703125,62.380001068115234,63.77000045776367,61.340431213378906,1306900
354,2018-04-11,63.33000183105469,63.869998931884766,63.27999877929688,63.7599983215332,61.330810546875,1569100
355,2018-04-12,63.84000015258789,64.08999633789062,63.08000183105469,63.31999969482422,60.90757369995117,1163700
356,2018-04-13,63.630001068115234,64.25,63.0099983215332,64.12000274658203,61.67710113525391,1476700
357,2018-04-16,64.25,64.94999694824219,63.869998931884766,64.7300033569336,62.263858795166016,1246900
358,2018-04-17,64.8499984741211,65.55000305175781,64.45999908447266,65.5,63.004520416259766,2760600
359,2018-04-18,65.5,65.97000122070312,64.95999908447266,65.51000213623047,63.0141487121582,1868200
360,2018-04-19,65.47000122070312,65.61000061035156,64.7300033569336,65.25,62.7640495300293,685500
361,2018-04-20,65.25,65.56999969482422,64.58000183105469,65.36000061035156,62.86985778808594,2933100
362,2018-04-23,65.63999938964844,66.0999984741211,65.45999908447266,65.66000366210938,63.15842056274414,537000
363,2018-04-24,66.04000091552734,66.12999725341797,65.04000091552734,65.44000244140625,62.946807861328125,665200
364,2018-04-25,65.33000183105469,65.95999908447266,65.05000305175781,65.8499984741211,63.341190338134766,814300
365,2018-04-26,66.04000091552734,66.75,65.61000061035156,66.41000366210938,63.87985229492188,1045900
366,2018-04-27,66.54000091552734,66.8499984741211,66.33999633789062,66.58999633789062,64.05299377441406,474200
367,2018-04-30,66.56999969482422,66.66000366210938,65.2699966430664,65.31999969482422,62.83137893676758,810100
368,2018-05-01,65.02999877929688,65.1500015258789,64.45999908447266,64.97000122070312,62.49472427368164,945900
369,2018-05-02,64.91000366210938,65.25,64.0,64.13999938964844,61.69633483886719,878600
370,2018-05-03,64.11000061035156,64.30999755859375,63.46500015258789,64.04000091552734,61.78413772583008,721600
371,2018-05-04,63.93999862670898,65.6500015258789,63.86000061035156,65.08999633789062,62.797142028808594,700300
372,2018-05-07,65.37000274658203,66.3499984741211,64.8740005493164,66.20999908447266,63.877689361572266,961600
373,2018-05-08,66.06999969482422,66.73999786376953,65.86000061035156,66.66000366210938,64.31183624267578,557300
374,2018-05-09,66.75,68.30999755859375,66.66999816894531,67.7300033569336,65.34415435791016,1146700
375,2018-05-10,68.27999877929688,68.3499984741211,67.72000122070312,68.02999877929688,65.6335678100586,841400
376,2018-05-11,68.18000030517578,68.69999694824219,67.73999786376953,67.93000030517578,65.53711700439453,730800
377,2018-05-14,68.0999984741211,68.41000366210938,67.4749984741211,67.62000274658203,65.23802947998047,693700
378,2018-05-15,67.25,67.7300033569336,67.0,67.30999755859375,64.93895721435547,831100
379,2018-05-16,67.27999877929688,67.30500030517578,66.7699966430664,67.13999938964844,64.77493286132812,603200
380,2018-05-17,67.16999816894531,67.30000305175781,66.68000030517578,67.0,64.6398696899414,726600
381,2018-05-18,66.66999816894531,67.0999984741211,66.55000305175781,66.79000091552734,64.437255859375,581500
382,2018-05-21,67.16000366210938,67.37000274658203,66.55999755859375,66.73999786376953,64.3890151977539,676000
383,2018-05-22,66.27999877929688,66.30999755859375,64.16999816894531,65.04000091552734,62.74890899658203,1506600
384,2018-05-23,64.83000183105469,65.33000183105469,64.83000183105469,65.16000366210938,62.86468505859375,547100
385,2018-05-24,65.16000366210938,65.55500030517578,64.95999908447266,65.19999694824219,62.903263092041016,907000
386,2018-05-25,65.12999725341797,66.06999969482422,64.95999908447266,65.43000030517578,63.12515640258789,1288600
387,2018-05-29,64.9800033569336,65.33000183105469,64.16999816894531,64.55999755859375,62.28580093383789,806100
388,2018-05-30,64.80999755859375,65.38999938964844,64.66000366210938,65.0,62.7103157043457,784400
389,2018-05-31,65.0,65.05999755859375,63.75,63.75,61.50434112548828,740500
390,2018-06-01,64.12000274658203,64.43000030517578,63.63999938964844,64.11000061035156,61.85166549682617,799300
391,2018-06-04,64.31999969482422,65.27999877929688,64.16999816894531,65.27999877929688,62.980445861816406,741500
392,2018-06-05,65.2300033569336,65.80999755859375,64.51000213623047,65.7300033569336,63.41460037231445,1382300
393,2018-06-06,65.72000122070312,65.72000122070312,63.34999847412109,64.66000366210938,62.38229751586914,1178700
394,2018-06-07,64.48999786376953,65.56999969482422,64.1500015258789,64.86000061035156,62.57525253295898,1227700
395,2018-06-08,64.98999786376953,66.31300354003906,64.80000305175781,65.68000030517578,63.36636352539063,768200
396,2018-06-11,65.66999816894531,65.93000030517578,65.36000061035156,65.36000061035156,63.0576400756836,554400
397,2018-06-12,65.55000305175781,65.95999908447266,65.29000091552734,65.69000244140625,63.37600326538086,593100
398,2018-06-13,65.80000305175781,66.08999633789062,65.33000183105469,65.33999633789062,63.0383415222168,1218500
399,2018-06-14,65.52999877929688,66.0199966430664,65.16999816894531,65.8499984741211,63.530372619628906,513700
400,2018-06-15,65.80999755859375,65.9000015258789,64.72000122070312,64.93000030517578,62.64277648925781,1262100
401,2018-06-18,64.5,65.06999969482422,64.47000122070312,64.93000030517578,62.64277648925781,644400
402,2018-06-19,64.87000274658203,66.6500015258789,64.5199966430664,66.37999725341797,64.04169464111328,1463000
403,2018-06-20,66.62999725341797,67.5999984741211,66.13999938964844,67.4800033569336,65.10295104980469,2094000
404,2018-06-21,67.61000061035156,67.91000366210938,67.19000244140625,67.29000091552734,64.91963195800781,2038400
405,2018-06-22,67.55000305175781,68.1500015258789,67.05999755859375,67.87999725341797,65.48886108398438,1102700
406,2018-06-25,68.05999755859375,68.37000274658203,67.56999969482422,68.1500015258789,65.74935150146484,805400
407,2018-06-26,68.41999816894531,69.55000305175781,68.1500015258789,68.62999725341797,66.21244049072266,1033900
408,2018-06-27,68.75,69.06999969482422,67.81999969482422,68.16000366210938,65.75899505615234,588600
409,2018-06-28,68.20999908447266,68.9800033569336,68.0999984741211,68.72000122070312,66.29928588867188,606700
410,2018-06-29,68.9800033569336,69.33999633789062,68.41999816894531,68.51000213623047,66.09666442871094,857500
411,2018-07-02,68.12000274658203,68.19999694824219,67.62000274658203,67.98999786376953,65.5949935913086,763100
412,2018-07-03,68.12999725341797,68.62999725341797,67.94000244140625,68.37000274658203,65.96160888671875,514500
413,2018-07-05,68.5199966430664,69.93000030517578,68.2699966430664,69.87999725341797,67.41841888427734,1000200
414,2018-07-06,69.69999694824219,70.5,69.69999694824219,70.19000244140625,67.7175064086914,375100
415,2018-07-09,70.20999908447266,71.04000091552734,70.02999877929688,70.37999725341797,67.90079498291016,832500
416,2018-07-10,70.77999877929688,71.01000213623047,70.02999877929688,70.27999877929688,67.8043212890625,1437100
417,2018-07-11,70.20999908447266,70.6500015258789,69.79000091552734,70.19999694824219,67.72714233398438,447000
418,2018-07-12,70.3499984741211,70.56999969482422,70.08999633789062,70.54000091552734,68.05516815185547,887500
419,2018-07-13,70.56999969482422,71.29000091552734,70.51000213623047,70.8499984741211,68.35423278808594,674500
420,2018-07-16,70.69000244140625,70.86000061035156,70.0250015258789,70.19999694824219,67.72714233398438,539700
421,2018-07-17,70.19999694824219,70.91999816894531,70.11000061035156,70.7300033569336,68.23847961425781,498300
422,2018-07-18,70.69000244140625,70.93000030517578,70.29000091552734,70.58999633789062,68.10340118408203,549500
423,2018-07-19,70.4800033569336,70.80000305175781,69.84100341796875,70.37999725341797,67.90079498291016,944800
424,2018-07-20,70.4800033569336,70.86000061035156,70.06999969482422,70.41999816894531,67.93937683105469,825900
425,2018-07-23,70.5199966430664,70.66999816894531,68.80500030517578,69.0199966430664,66.58870697021484,1380400
426,2018-07-24,68.87000274658203,69.55000305175781,68.08999633789062,68.33999633789062,65.93265533447266,2183000
427,2018-07-25,68.62999725341797,71.31500244140625,68.0999984741211,70.41000366210938,67.92974090576172,1789700
428,2018-07-26,70.91999816894531,71.0199966430664,68.25,70.05000305175781,67.58241271972656,1632400
429,2018-07-27,70.13999938964844,70.48999786376953,69.75,69.80000305175781,67.34122467041016,834500
430,2018-07-30,69.5199966430664,70.30000305175781,69.41000366210938,70.23999786376953,67.7657241821289,659300
431,2018-07-31,70.3499984741211,70.5199966430664,70.05999755859375,70.2699966430664,67.79467010498047,656000
432,2018-08-01,70.29000091552734,70.37000274658203,69.52999877929688,69.69999694824219,67.24473571777344,428900
433,2018-08-02,69.22000122070312,70.75,69.04000091552734,70.52999877929688,68.23249053955078,460300
434,2018-08-03,70.66999816894531,72.18000030517578,70.66999816894531,72.16000366210938,69.80939483642578,633400
435,2018-08-06,72.33999633789062,73.19000244140625,71.83000183105469,72.58000183105469,70.21570587158203,924900
436,2018-08-07,72.62000274658203,72.62999725341797,71.66999816894531,71.7699966430664,69.43209838867188,601200
437,2018-08-08,71.80999755859375,71.93000030517578,71.0999984741211,71.41000366210938,69.08383178710938,301300
438,2018-08-09,71.38999938964844,71.73999786376953,70.80999755859375,71.62999725341797,69.29666900634766,681500
439,2018-08-10,71.5,72.36499786376953,70.94999694824219,71.08999633789062,68.77423858642578,399200
440,2018-08-13,71.05000305175781,71.51000213623047,70.45999908447266,70.91999816894531,68.60977935791016,758800
441,2018-08-14,71.12000274658203,72.04000091552734,70.95999908447266,71.69999694824219,69.3643798828125,604900
442,2018-08-15,71.45999908447266,71.70999908447266,68.94000244140625,69.26000213623047,67.00385284423828,977000
443,2018-08-16,69.29000091552734,69.75,66.44999694824219,66.58999633789062,64.42083740234375,1606200
444,2018-08-17,66.12999725341797,66.12999725341797,63.02000045776367,65.58999633789062,63.45340347290039,1891500
445,2018-08-20,65.77999877929688,66.0,65.18000030517578,65.62999725341797,63.49210739135742,1355900
446,2018-08-21,65.62999725341797,66.11000061035156,65.0,65.23999786376953,63.11481475830078,1734800
447,2018-08-22,65.31999969482422,66.25,65.01000213623047,66.18000030517578,64.0241928100586,1132700
448,2018-08-23,65.86000061035156,67.37999725341797,65.80000305175781,67.08000183105469,64.8948745727539,745600
449,2018-08-24,66.91000366210938,67.37999725341797,66.72000122070312,67.02999877929688,64.84649658203125,1001600
450,2018-08-27,67.44999694824219,68.45999908447266,67.3499984741211,68.12000274658203,65.90100860595703,878500
451,2018-08-28,67.91000366210938,68.6500015258789,67.66999816894531,67.9000015258789,65.68817901611328,602000
452,2018-08-29,68.20999908447266,68.37000274658203,67.62999725341797,67.7300033569336,65.5237045288086,373500
453,2018-08-30,67.54000091552734,67.93000030517578,66.91000366210938,67.12000274658203,64.9335708618164,457400
454,2018-08-31,67.19999694824219,67.72000122070312,66.83000183105469,67.5999984741211,65.39794158935547,462000
455,2018-09-04,67.6500015258789,67.88999938964844,67.05000305175781,67.16999816894531,64.98194122314453,570000
456,2018-09-05,66.83000183105469,67.51000213623047,66.54000091552734,67.30000305175781,65.10771179199219,549500
457,2018-09-06,67.02999877929688,67.54000091552734,66.80999755859375,67.22000122070312,65.03031158447266,783300
458,2018-09-07,67.0199966430664,67.24500274658203,66.71499633789062,66.83000183105469,64.65303039550781,377600
459,2018-09-10,67.04000091552734,67.20800018310547,66.8499984741211,67.02999877929688,64.84649658203125,410100
460,2018-09-11,66.72000122070312,67.38999938964844,66.48799896240234,67.12999725341797,64.94324493408203,390600
461,2018-09-12,67.22000122070312,67.47000122070312,66.45999908447266,67.13999938964844,64.95291900634766,464100
462,2018-09-13,67.12000274658203,67.79000091552734,66.61000061035156,67.3499984741211,65.15608215332031,508000
463,2018-09-14,67.3499984741211,68.19000244140625,67.22000122070312,68.01000213623047,65.79459381103516,533600
464,2018-09-17,68.05999755859375,68.05999755859375,66.68000030517578,66.69000244140625,64.51758575439453,602900
465,2018-09-18,66.5,67.83300018310547,65.58999633789062,66.83999633789062,64.66268920898438,1182800
466,2018-09-19,66.97000122070312,67.20999908447266,65.20999908447266,65.26000213623047,63.1341667175293,1646600
467,2018-09-20,65.2699966430664,66.2699966430664,64.68000030517578,66.12999725341797,63.975807189941406,1029100
468,2018-09-21,66.91999816894531,67.48999786376953,66.7300033569336,67.0,64.81748962402344,1450600
469,2018-09-24,66.80999755859375,67.20999908447266,65.87000274658203,66.43000030517578,64.26604461669922,1674600
470,2018-09-25,66.45999908447266,67.13999938964844,66.23999786376953,67.0999984741211,64.91423034667969,700400
471,2018-09-26,67.08000183105469,67.25,66.47000122070312,66.69999694824219,64.5272445678711,1040900
472,2018-09-27,66.29000091552734,66.41000366210938,65.23999786376953,65.58999633789062,63.45340347290039,1582800
473,2018-09-28,65.37999725341797,66.66999816894531,65.05000305175781,66.5999984741211,64.4305191040039,1398000
474,2018-10-01,66.95999908447266,67.0,65.80000305175781,65.94000244140625,63.79201889038086,1468500
475,2018-10-02,69.66000366210938,72.47000122070312,68.25,72.0,69.65459442138672,3305800
476,2018-10-03,72.94000244140625,73.9000015258789,72.19000244140625,72.23999786376953,69.88679504394531,1437900
477,2018-10-04,72.08000183105469,73.44000244140625,71.80999755859375,73.25,70.86389923095703,1373800
478,2018-10-05,73.44000244140625,74.83000183105469,73.27999877929688,74.69999694824219,72.26665496826172,1516300
479,2018-10-08,74.36000061035156,75.08999633789062,73.3499984741211,73.98999786376953,71.57978057861328,1962400
480,2018-10-09,74.0999984741211,75.80999755859375,73.83000183105469,74.62000274658203,72.18926239013672,1729400
481,2018-10-10,74.63999938964844,74.83999633789062,73.0,73.22000122070312,70.83486938476562,4301600
482,2018-10-11,72.98999786376953,73.08999633789062,71.875,72.12999725341797,69.78036499023438,1545100
483,2018-10-12,72.66000366210938,73.19000244140625,72.08999633789062,72.95999908447266,70.58332824707031,1023100
484,2018-10-15,73.05999755859375,73.66000366210938,72.5,73.18000030517578,70.79618072509766,601300
485,2018-10-16,73.52999877929688,75.33999633789062,73.33000183105469,75.2699966430664,72.8180923461914,972800
486,2018-10-17,75.12000274658203,76.25499725341797,74.5,76.11000061035156,73.63072967529297,893200
487,2018-10-18,76.11000061035156,76.77999877929688,75.0199966430664,75.6500015258789,73.18570709228516,694000
488,2018-10-19,76.3499984741211,76.83999633789062,75.98999786376953,76.56999969482422,74.07573699951172,757300
489,2018-10-22,76.95999908447266,77.69999694824219,76.43000030517578,77.1500015258789,74.63684844970703,720800
490,2018-10-23,76.58000183105469,78.3499984741211,75.81999969482422,78.16000366210938,75.61395263671875,869000
491,2018-10-24,78.25,79.97000122070312,78.08000183105469,79.05000305175781,76.47496032714844,1673300
492,2018-10-25,78.12999725341797,78.75,77.3499984741211,78.05000305175781,75.50753021240234,1289400
493,2018-10-26,77.51000213623047,77.87000274658203,76.69999694824219,77.01000213623047,74.50140380859375,972800
494,2018-10-29,77.69999694824219,78.95999908447266,76.70999908447266,77.19999694824219,74.68521118164062,1351000
495,2018-10-30,77.33000183105469,78.68199920654297,76.02999877929688,76.79000091552734,74.28857421875,1541800
496,2018-10-31,76.81999969482422,79.05999755859375,76.2300033569336,78.16000366210938,75.61395263671875,1343400
497,2018-11-01,78.16000366210938,78.20999908447266,76.5199966430664,77.2300033569336,74.89726257324219,934900
498,2018-11-02,77.44999694824219,78.2300033569336,76.30000305175781,76.9800033569336,74.65482330322266,1008800
499,2018-11-05,77.02999877929688,78.70500183105469,77.01000213623047,78.62999725341797,76.25497436523438,1032700
500,2018-11-06,78.63999938964844,80.43000030517578,78.62999725341797,80.26000213623047,77.83575439453125,1220100
501,2018-11-07,80.4000015258789,81.62999725341797,80.4000015258789,80.80999755859375,78.36912536621094,832900
502,2018-11-08,80.5999984741211,81.8499984741211,80.33000183105469,81.68000030517578,79.21286010742188,1323800
503,2018-11-09,81.5,82.03500366210938,81.13999938964844,82.0199966430664,79.54258728027344,901200
504,2018-11-12,82.0,82.80999755859375,81.31999969482422,82.13999938964844,79.6589584350586,1195000
505,2018-11-13,82.16999816894531,83.45999908447266,81.73999786376953,83.3499984741211,80.83241271972656,1127300
506,2018-11-14,83.33999633789062,83.86000061035156,82.69999694824219,82.98999786376953,80.48328399658203,1483800
507,2018-11-15,81.9000015258789,82.7699966430664,80.55000305175781,82.20999908447266,79.72683715820312,1196800
508,2018-11-16,82.19999694824219,83.63999938964844,82.05999755859375,82.6500015258789,80.153564453125,1079300
509,2018-11-19,82.37999725341797,83.08000183105469,80.62999725341797,80.80999755859375,78.36912536621094,1469300
510,2018-11-20,80.5,80.7699966430664,79.81999969482422,80.5999984741211,78.16549682617188,1087000
511,2018-11-21,80.66000366210938,82.02999877929688,80.6500015258789,81.79000091552734,79.31954193115234,676300
512,2018-11-23,81.38999938964844,82.05999755859375,80.66000366210938,81.1500015258789,78.69886779785156,480000
513,2018-11-26,81.73999786376953,81.83999633789062,79.9800033569336,80.37000274658203,77.94242858886719,1703500
514,2018-11-27,78.36000061035156,79.58999633789062,77.19000244140625,77.55000305175781,75.20760345458984,3391800
515,2018-11-28,77.5,78.2300033569336,76.13999938964844,77.0999984741211,74.77119445800781,2684600
516,2018-11-29,77.30000305175781,78.7699966430664,76.66000366210938,76.73999786376953,74.42205810546875,2621800
517,2018-11-30,76.9000015258789,77.6500015258789,75.83000183105469,76.69999694824219,74.38327026367188,39405400
518,2018-12-03,77.33000183105469,77.4000015258789,74.63999938964844,75.58000183105469,73.297119140625,3214500
519,2018-12-04,75.86000061035156,76.87000274658203,75.30000305175781,75.48999786376953,73.2098388671875,3021000
520,2018-12-06,75.5,76.30000305175781,72.9800033569336,74.12999725341797,71.8908920288086,2525500
521,2018-12-07,74.30000305175781,74.5199966430664,73.19000244140625,73.44999694824219,71.23143768310547,1580800
522,2018-12-10,73.63999938964844,73.63999938964844,72.29000091552734,73.37000274658203,71.15386199951172,2327900
523,2018-12-11,73.9000015258789,75.79000091552734,73.66999816894531,75.16999816894531,72.89948272705078,1820500
524,2018-12-12,75.61000061035156,77.2030029296875,75.5999984741211,76.38999938964844,74.08264923095703,1750700
525,2018-12-13,76.3499984741211,77.87000274658203,76.19000244140625,77.69000244140625,75.34337615966797,1376300
526,2018-12-14,77.47000122070312,77.72000122070312,75.5,75.83000183105469,73.53955841064453,1780300
527,2018-12-17,75.69999694824219,76.69999694824219,75.20500183105469,75.44000244140625,73.16133880615234,2019200
528,2018-12-18,75.95999908447266,76.49500274658203,75.02999877929688,75.62999725341797,73.34558868408203,1660400
529,2018-12-19,75.98999786376953,77.36000061035156,74.72000122070312,74.98999786376953,72.72492980957031,1771900
530,2018-12-20,74.75,75.4000015258789,72.70999908447266,73.4000015258789,71.1829605102539,1965600
531,2018-12-21,73.75,75.20999908447266,73.29000091552734,73.5999984741211,71.37689971923828,2323600
532,2018-12-24,73.58000183105469,74.43000030517578,70.91000366210938,71.52999877929688,69.36943817138672,548400
533,2018-12-26,71.9000015258789,73.6500015258789,71.66000366210938,73.37000274658203,71.15386199951172,2635100
534,2018-12-27,72.79000091552734,73.73999786376953,71.56999969482422,73.7300033569336,71.50299072265625,1473700
535,2018-12-28,74.06999969482422,74.48999786376953,72.93000030517578,73.61000061035156,71.38661193847656,823000
536,2018-12-31,73.61000061035156,73.75,72.69999694824219,73.55999755859375,71.33811950683594,849600
537,2019-01-02,73.2300033569336,74.08999633789062,72.16999816894531,73.66000366210938,71.43511199951172,2203800
538,2019-01-03,73.13999938964844,73.87999725341797,72.7699966430664,72.9800033569336,70.77564239501953,2178800
539,2019-01-04,75.0999984741211,76.87999725341797,74.66000366210938,75.58000183105469,73.297119140625,2716400
540,2019-01-07,75.58999633789062,75.58999633789062,69.8499984741211,70.55000305175781,68.4190444946289,3497900
541,2019-01-08,70.61000061035156,71.61000061035156,69.80999755859375,70.91000366210938,68.76818084716797,2914300
542,2019-01-09,71.16000366210938,71.20999908447266,69.66999816894531,69.72000122070312,67.61412048339844,1763500
543,2019-01-10,69.72000122070312,69.88999938964844,68.9000015258789,69.86000061035156,67.7498779296875,1403300
544,2019-01-11,69.86000061035156,69.86000061035156,69.0,69.47000122070312,67.37166595458984,968000
545,2019-01-14,69.45999908447266,69.45999908447266,65.87000274658203,67.63999938964844,65.59693908691406,1960700
546,2019-01-15,67.6500015258789,69.13999938964844,67.43000030517578,68.9000015258789,66.81887817382812,1738800
547,2019-01-16,69.22000122070312,71.11000061035156,69.20999908447266,70.18000030517578,68.06022644042969,1986100
548,2019-01-17,70.0,71.25,69.91999816894531,70.9000015258789,68.75846862792969,1487100
549,2019-01-18,71.12999725341797,71.76000213623047,70.68000030517578,70.87999725341797,68.73906707763672,1927600
550,2019-01-22,70.88999938964844,71.47000122070312,70.33000183105469,70.75,68.61299896240234,1429000
551,2019-01-23,71.94000244140625,73.5999984741211,71.58000183105469,72.7300033569336,70.53319549560547,1791300
552,2019-01-24,71.98999786376953,72.5,70.83999633789062,71.36000061035156,69.20457458496094,1286100
553,2019-01-25,71.7699966430664,72.0,70.5,71.0999984741211,68.95243835449219,1437900
554,2019-01-28,70.62999725341797,71.5199966430664,70.12999725341797,71.4000015258789,69.24337005615234,2788400
555,2019-01-29,71.33000183105469,72.76000213623047,71.33000183105469,72.44000244140625,70.25194549560547,1236200
556,2019-01-30,72.70999908447266,73.0,72.26000213623047,72.58000183105469,70.3877182006836,846500
557,2019-01-31,72.13999938964844,72.44999694824219,71.06999969482422,72.30000305175781,70.30992889404297,1343600
558,2019-02-01,72.4800033569336,72.55000305175781,71.6050033569336,72.4000015258789,70.40716552734375,1837400
559,2019-02-04,72.16000366210938,72.33000183105469,70.83999633789062,71.30000305175781,69.33745574951172,1440300
560,2019-02-05,71.38999938964844,72.01000213623047,71.18000030517578,71.63999938964844,69.6680908203125,945500
561,2019-02-06,71.4800033569336,71.62999725341797,70.73999786376953,71.30999755859375,69.34717559814453,782900
562,2019-02-07,70.94999694824219,71.37000274658203,70.2300033569336,70.61000061035156,68.66644287109375,1310700
563,2019-02-08,70.29000091552734,70.62000274658203,70.01000213623047,70.62000274658203,68.6761703491211,1095300
564,2019-02-11,70.86000061035156,71.0,69.80999755859375,70.38999938964844,68.4524917602539,1202700
565,2019-02-12,70.33999633789062,70.7699966430664,69.0,69.0199966430664,67.12020111083984,1521300
566,2019-02-13,69.22000122070312,69.48999786376953,68.37000274658203,68.55999755859375,66.6728744506836,2659200
567,2019-02-14,68.33000183105469,69.5199966430664,67.91999816894531,68.97000122070312,67.07159423828125,2305400
568,2019-02-15,69.5199966430664,69.88999938964844,69.0,69.51000213623047,67.59671020507812,1393100
569,2019-02-19,69.45999908447266,70.44000244140625,69.4000015258789,70.30000305175781,68.364990234375,1552100
570,2019-02-20,70.16999816894531,70.41999816894531,69.87000274658203,70.05999755859375,68.13158416748047,1480300
571,2019-02-21,70.0,70.98999786376953,69.9000015258789,70.9800033569336,69.02626037597656,990100
572,2019-02-22,70.05000305175781,70.86000061035156,69.6500015258789,70.5,68.5594711303711,962100
573,2019-02-25,70.80000305175781,70.95999908447266,69.2699966430664,69.48999786376953,67.5772705078125,1164700
574,2019-02-26,69.7699966430664,70.05000305175781,68.93000030517578,69.0,67.10075378417969,1826300
575,2019-02-27,68.83999633789062,69.11499786376953,67.83999633789062,69.0999984741211,67.19801330566406,1306900
576,2019-02-28,69.19999694824219,69.66000366210938,68.63999938964844,69.30999755859375,67.40222930908203,1265700
577,2019-03-01,69.69000244140625,70.97000122070312,69.12000274658203,70.94999694824219,68.99707794189453,1156800
578,2019-03-04,70.93000030517578,70.94000244140625,70.01000213623047,70.79000091552734,68.84149169921875,2055500
579,2019-03-05,70.7300033569336,71.16000366210938,70.43299865722656,71.16000366210938,69.20130920410156,1255300
580,2019-03-06,71.25,71.75,70.41000366210938,70.54000091552734,68.59837341308594,1349400
581,2019-03-07,70.55000305175781,71.20500183105469,70.18000030517578,70.51000213623047,68.56919860839844,1737100
582,2019-03-08,70.45999908447266,70.45999908447266,69.79499816894531,70.01000213623047,68.08296966552734,1011200
583,2019-03-11,69.95999908447266,70.45999908447266,69.5999984741211,70.20999908447266,68.27745056152344,1504200
584,2019-03-12,70.43000030517578,70.4749984741211,69.5999984741211,69.69999694824219,67.781494140625,1347900
585,2019-03-13,69.70999908447266,70.01000213623047,69.4000015258789,69.83999633789062,67.9176254272461,1163900
586,2019-03-14,69.9800033569336,69.9800033569336,68.12999725341797,68.19000244140625,66.31305694580078,1990000
587,2019-03-15,68.04000091552734,69.56999969482422,67.95999908447266,69.51000213623047,67.59671020507812,3240500
588,2019-03-18,69.37999725341797,70.37000274658203,69.23999786376953,69.9000015258789,67.97599029541016,1581000
589,2019-03-19,70.13999938964844,70.33000183105469,69.36000061035156,69.70999908447266,67.79121398925781,860800
590,2019-03-20,69.86000061035156,70.15499877929688,68.87999725341797,69.37000274658203,67.46057891845703,1150000
591,2019-03-21,69.55000305175781,71.0,69.19999694824219,71.0,69.04572296142578,1108400
592,2019-03-22,71.2699966430664,72.02999877929688,70.83000183105469,71.66000366210938,69.68755340576172,1241200
593,2019-03-25,71.56999969482422,73.27999877929688,71.5,72.83000183105469,70.82533264160156,1798100
594,2019-03-26,72.86000061035156,73.18000030517578,72.2300033569336,73.0,70.99065399169922,1276300
595,2019-03-27,73.11000061035156,73.37000274658203,72.11000061035156,72.2699966430664,70.28075408935547,1378900
596,2019-03-28,72.48999786376953,74.34500122070312,72.19000244140625,73.91999816894531,71.88533782958984,2104800
597,2019-03-29,74.18000030517578,75.23999786376953,73.31999969482422,74.94000244140625,72.87727355957031,2903400
598,2019-04-01,74.79000091552734,75.43000030517578,73.70999908447266,73.97000122070312,71.9339599609375,2302700
599,2019-04-02,79.0,79.0999984741211,73.12000274658203,74.36000061035156,72.313232421875,6500100
600,2019-04-03,74.54000091552734,75.43000030517578,73.08000183105469,73.08999633789062,71.07817077636719,2835400
601,2019-04-04,73.08000183105469,73.1500015258789,70.30000305175781,70.31999969482422,68.3844223022461,2401900
602,2019-04-05,70.19000244140625,71.66000366210938,69.63999938964844,71.62999725341797,69.65836334228516,2512700
603,2019-04-08,71.91999816894531,73.19999694824219,71.72000122070312,72.87000274658203,70.8642349243164,1527900
604,2019-04-09,72.66999816894531,72.94000244140625,71.94999694824219,72.91999816894531,70.91284942626953,1220500
605,2019-04-10,73.08000183105469,73.52999877929688,72.24500274658203,72.4000015258789,70.40716552734375,1176900
606,2019-04-11,72.33000183105469,72.58000183105469,71.2699966430664,71.62999725341797,69.65836334228516,1192400
607,2019-04-12,71.48999786376953,71.55000305175781,70.58000183105469,71.11000061035156,69.1526870727539,1008100
608,2019-04-15,71.13999938964844,71.6500015258789,70.93000030517578,71.19999694824219,69.24020385742188,900300
609,2019-04-16,71.22000122070312,71.62999725341797,69.62999725341797,69.66000366210938,67.74259185791016,1209600
610,2019-04-17,69.75,69.95999908447266,68.58999633789062,68.62999725341797,66.74095153808594,1186000
611,2019-04-18,68.62000274658203,68.62000274658203,67.08000183105469,67.62000274658203,65.75874328613281,2237200
612,2019-04-22,67.7300033569336,68.93000030517578,67.19000244140625,68.9000015258789,67.0035171508789,1404000
613,2019-04-23,68.75,69.80999755859375,68.75,69.4800033569336,67.56754302978516,1194300
614,2019-04-24,69.66000366210938,69.80999755859375,68.81999969482422,69.29000091552734,67.38278198242188,1303600
615,2019-04-25,68.72000122070312,69.66999816894531,68.66000366210938,69.19999694824219,67.29524993896484,760000
616,2019-04-26,69.41000366210938,70.19999694824219,68.68000030517578,69.69000244140625,67.77175903320312,955400
617,2019-04-29,69.47000122070312,69.51000213623047,68.0,68.55000305175781,66.66315460205078,1482700
618,2019-04-30,68.56999969482422,70.16999816894531,68.06999969482422,70.05000305175781,68.12185668945312,1541400
619,2019-05-01,69.94000244140625,70.6500015258789,69.9000015258789,70.0999984741211,68.17048645019531,1274000
620,2019-05-02,69.7699966430664,69.7699966430664,65.2300033569336,66.37000274658203,64.72783660888672,3550000
621,2019-05-03,66.52999877929688,67.16000366210938,65.45999908447266,67.0999984741211,65.43976593017578,2289800
622,2019-05-06,66.51000213623047,67.69000244140625,66.29000091552734,67.5,65.82987213134766,1260900
623,2019-05-07,68.61000061035156,68.83000183105469,66.83000183105469,68.25,66.56130981445312,2877900
624,2019-05-08,68.1500015258789,68.62999725341797,67.88999938964844,68.30000305175781,66.61007690429688,2047200
625,2019-05-09,68.18000030517578,68.7300033569336,67.93000030517578,68.62999725341797,66.93191528320312,1444000
626,2019-05-10,68.45999908447266,68.45999908447266,67.22000122070312,67.44999694824219,65.7811050415039,1225000
627,2019-05-13,66.98999786376953,67.20999908447266,65.43000030517578,66.54000091552734,64.89362335205078,2145700
628,2019-05-14,66.76000213623047,67.83499908447266,66.58000183105469,67.0199966430664,65.36173248291016,1980300
629,2019-05-15,67.08000183105469,68.12000274658203,66.66000366210938,67.06999969482422,65.41050720214844,2318900
630,2019-05-16,67.25,68.05000305175781,66.8499984741211,66.87999725341797,65.22521209716797,2356500
631,2019-05-17,66.83000183105469,67.83000183105469,65.94999694824219,67.62999725341797,65.95664978027344,1512700
632,2019-05-20,67.62999725341797,68.41999816894531,67.45999908447266,67.54000091552734,65.8688735961914,1487200
633,2019-05-21,67.56999969482422,67.95500183105469,65.22000122070312,65.36000061035156,63.74281692504883,2769600
634,2019-05-22,65.36000061035156,65.94999694824219,63.56999969482422,63.65999984741211,62.08487701416016,1931600
635,2019-05-23,63.290000915527344,63.4900016784668,62.459999084472656,63.08000183105469,61.519229888916016,1958000
636,2019-05-24,63.18000030517578,63.45000076293945,61.91999816894531,62.130001068115234,60.592735290527344,2018100
637,2019-05-28,62.130001068115234,62.31900024414063,60.08000183105469,60.790000915527344,59.285888671875,4988700
638,2019-05-29,60.59999847412109,60.7400016784668,59.63999938964844,59.93000030517578,58.44716644287109,2360800
639,2019-05-30,59.90999984741211,60.42499923706055,59.61000061035156,60.04999923706055,58.5641975402832,1227000
640,2019-05-31,59.84000015258789,59.92499923706055,59.15999984741211,59.25,57.783992767333984,1327000
641,2019-06-03,59.25,60.34999847412109,59.18999862670898,60.2400016784668,58.7495002746582,1154800
642,2019-06-04,60.36000061035156,61.2599983215332,60.060001373291016,61.22999954223633,59.71500015258789,3288800
643,2019-06-05,61.59000015258789,62.41999816894531,61.040000915527344,62.34999847412109,60.80729293823242,1624400
644,2019-06-06,62.13999938964844,62.56999969482422,61.52000045776367,62.38999938964844,60.8463020324707,1387700
645,2019-06-07,62.58000183105469,62.75,60.65999984741211,60.9900016784668,59.48093795776367,1569000
646,2019-06-10,60.900001525878906,61.60499954223633,60.4900016784668,61.41999816894531,59.900299072265625,1089800
647,2019-06-11,61.41999816894531,62.34999847412109,61.41999816894531,61.91999816894531,60.3879280090332,921000
648,2019-06-12,62.13999938964844,62.60599899291992,61.2400016784668,61.369998931884766,59.851539611816406,691300
649,2019-06-13,61.43000030517578,61.5099983215332,60.650001525878906,61.209999084472656,59.695499420166016,1135900
650,2019-06-14,61.33000183105469,61.90999984741211,61.209999084472656,61.709999084472656,60.18312454223633,1295100
651,2019-06-17,61.43999862670898,61.52000045776367,59.60499954223633,59.84999847412109,58.36914443969727,1304100
652,2019-06-18,59.9900016784668,60.18000030517578,58.83000183105469,58.970001220703125,57.51092147827149,1070900
653,2019-06-19,60.7599983215332,61.43999862670898,59.150001525878906,61.31999969482422,59.80277633666992,1646700
654,2019-06-20,61.43999862670898,62.150001525878906,61.130001068115234,61.34000015258789,59.82228088378906,1041300
655,2019-06-21,61.33000183105469,61.88999938964844,60.45199966430664,60.84000015258789,59.33465194702149,1955300
656,2019-06-24,60.790000915527344,61.41999816894531,60.43999862670898,60.7599983215332,59.256629943847656,1045100
657,2019-06-25,60.83000183105469,62.810001373291016,60.540000915527344,62.540000915527344,60.99258804321289,2027400
658,2019-06-26,62.119998931884766,63.290000915527344,62.06999969482422,63.0,61.44120407104492,2281300
659,2019-06-27,62.7400016784668,62.7400016784668,61.11000061035156,61.70000076293945,60.173370361328125,1315000
660,2019-06-28,61.84999847412109,63.380001068115234,61.70000076293945,63.36000061035156,61.79230117797852,2422000
661,2019-07-01,63.52999877929688,63.630001068115234,62.27999877929688,62.52999877929688,60.98283386230469,1064400
662,2019-07-02,62.84000015258789,63.54999923706055,62.540000915527344,62.619998931884766,61.07060241699219,998700
663,2019-07-03,62.650001525878906,63.959999084472656,62.650001525878906,63.720001220703125,62.14339447021485,670900
664,2019-07-05,63.540000915527344,64.37999725341797,63.29999923706055,64.33999633789062,62.74805068969727,706100
665,2019-07-08,64.43000030517578,64.77999877929688,63.959999084472656,64.38999938964844,62.79681015014648,956400
666,2019-07-09,64.37000274658203,65.3499984741211,63.63999938964844,65.08000183105469,63.46974563598633,2706600
667,2019-07-10,65.0,66.88999938964844,64.7699966430664,66.19999694824219,64.56202697753906,2535000
668,2019-07-11,66.29000091552734,67.75499725341797,66.25,67.58000183105469,65.90789031982422,2758600
669,2019-07-12,67.5999984741211,67.76000213623047,65.88999938964844,65.93000030517578,64.2987060546875,2027500
670,2019-07-15,66.0,66.80999755859375,65.41000366210938,66.37000274658203,64.72783660888672,1269400
671,2019-07-16,66.62999725341797,67.01499938964844,66.3499984741211,66.79000091552734,65.13744354248047,1250400
